"topic1","topic2","score"
"school student college university child education teacher parent state high","player team game sport world cup coach match league fan",0.4
"school student college university child education teacher parent state high","health drug patient care medical doctor hospital cancer study dr",0.67
"school student college university child education teacher parent state high","percent economy job economic rate growth cut fed spending rates",0
"home loan mortgage foreclosure property housing bank say credit payment","million tax business state company money pay plan industry billion",1.4
"home loan mortgage foreclosure property housing bank say credit payment","case court lawyer state law judge federal charge investigation prosecutor",0.8
"home loan mortgage foreclosure property housing bank say credit payment","billion market financial bank percent company banks investor million investment",2.4
"food scientist research study cell science university researcher animal say","health drug patient care medical doctor hospital cancer study dr",2.6
"food scientist research study cell science university researcher animal say","get say water re dog home house go back old",0.2
"food scientist research study cell science university researcher animal say","book life story novel author page writer war man world",0
"city hotel town park street island mile day place restaurant","get say water re dog home house go back old",0
"city hotel town park street island mile day place restaurant","airline flight airport plane passenger travel air pilot security traveler",1.6
"city hotel town park street island mile day place restaurant","energy gas water wind state plant storm power environmental project",1.8
"obama president republican house american white political bush washington party","book life story novel author page writer war man world",0.4
"obama president republican house american white political bush washington party","bill law administration obama federal house congress rule senate agency",4.4
"obama president republican house american white political bush washington party","court justice law supreme kagan right decision case wrote amendment",0.4
"obama president republican house american white political bush washington party","republican election party democrat vote candidate senate voter democratic state",2
"obama president republican house american white political bush washington party","percent economy job economic rate growth cut fed spending rates",2.4
"billion market financial bank percent company banks investor million investment","european country government europe germany minister german euro union britain",0.67
"billion market financial bank percent company banks investor million investment","company deal board share executive bid shareholder offer chief price",2
"billion market financial bank percent company banks investor million investment","percent economy job economic rate growth cut fed spending rates",3.2
"health drug patient care medical doctor hospital cancer study dr","police family man woman life officer home mother father son",0.4
"health drug patient care medical doctor hospital cancer study dr","case court lawyer state law judge federal charge investigation prosecutor",0.4
"health drug patient care medical doctor hospital cancer study dr","percent economy job economic rate growth cut fed spending rates",0
"health drug patient care medical doctor hospital cancer study dr","company deal board share executive bid shareholder offer chief price",1.2
"car vehicle gm ford motor model detroit toyota driver auto","china chinese worker company japan india trade government country united",0.2
"car vehicle gm ford motor model detroit toyota driver auto","airline flight airport plane passenger travel air pilot security traveler",0.8
"car vehicle gm ford motor model detroit toyota driver auto","energy gas water wind state plant storm power environmental project",1.2
"republican election party democrat vote candidate senate voter democratic state","governor state campaign scott florida candidate republican voter crist brown",2.8
"republican election party democrat vote candidate senate voter democratic state","european country government europe germany minister german euro union britain",0.6
"case court lawyer state law judge federal charge investigation prosecutor","police family man woman life officer home mother father son",0.2
"case court lawyer state law judge federal charge investigation prosecutor","bill law administration obama federal house congress rule senate agency",1.6
"case court lawyer state law judge federal charge investigation prosecutor","court justice law supreme kagan right decision case wrote amendment",2.6
"case court lawyer state law judge federal charge investigation prosecutor","facebook information internet site social wikileaks twitter website online cable",1
"film movie character story director man life play actor make","book life story novel author page writer war man world",3.4
"film movie character story director man life play actor make","music song show art artist band york album work woman",1.2
"film movie character story director man life play actor make","show series tv television season star producer night episode network",2.8
"music song show art artist band york album work woman","get say water re dog home house go back old",0.2
"music song show art artist band york album work woman","show series tv television season star producer night episode network",0.6
"music song show art artist band york album work woman","magazine editor news medium newspaper article publisher times mr reporter",0.4
"governor state campaign scott florida candidate republican voter crist brown","million tax business state company money pay plan industry billion",0.4
"energy gas water wind state plant storm power environmental project","million tax business state company money pay plan industry billion",0.2
"energy gas water wind state plant storm power environmental project","game season team coach play yard player football quarterback back",0
"energy gas water wind state plant storm power environmental project","oil bp spill gulf well drilling company rig coast official",2.2
"facebook information internet site social wikileaks twitter website online cable","north south state korea israel united iran official russia korean",0
"facebook information internet site social wikileaks twitter website online cable","official afghanistan military government afghan american attack force al taliban",1.2
"facebook information internet site social wikileaks twitter website online cable","magazine editor news medium newspaper article publisher times mr reporter",1
"european country government europe germany minister german euro union britain","north south state korea israel united iran official russia korean",0.67
"european country government europe germany minister german euro union britain","airline flight airport plane passenger travel air pilot security traveler",0
"european country government europe germany minister german euro union britain","player team game sport world cup coach match league fan",0.2
"european country government europe germany minister german euro union britain","book life story novel author page writer war man world",0.2
"team game season player james play point goal nba coach","player team game sport world cup coach match league fan",2.4
"team game season player james play point goal nba coach","airline flight airport plane passenger travel air pilot security traveler",0
"team game season player james play point goal nba coach","game season team coach play yard player football quarterback back",2.4
"team game season player james play point goal nba coach","company deal board share executive bid shareholder offer chief price",0
"book life story novel author page writer war man world","son life family world father man woman wife american work",1.6
"book life story novel author page writer war man world","court justice law supreme kagan right decision case wrote amendment",0
"book life story novel author page writer war man world","magazine editor news medium newspaper article publisher times mr reporter",1.8
"million tax business state company money pay plan industry billion","company deal board share executive bid shareholder offer chief price",0.4
"million tax business state company money pay plan industry billion","bill law administration obama federal house congress rule senate agency",1.67
"company deal board share executive bid shareholder offer chief price","magazine editor news medium newspaper article publisher times mr reporter",1.4
"police family man woman life officer home mother father son","son life family world father man woman wife american work",2.6
"police family man woman life officer home mother father son","official afghanistan military government afghan american attack force al taliban",1.6
"china chinese worker company japan india trade government country united","north south state korea israel united iran official russia korean",0.8
"game season team coach play yard player football quarterback back","player team game sport world cup coach match league fan",1.6
"game season team coach play yard player football quarterback back","airline flight airport plane passenger travel air pilot security traveler",0.4
"official afghanistan military government afghan american attack force al taliban","north south state korea israel united iran official russia korean",1.8
"official afghanistan military government afghan american attack force al taliban","airline flight airport plane passenger travel air pilot security traveler",0.8
"bill law administration obama federal house congress rule senate agency","court justice law supreme kagan right decision case wrote amendment",1.8
"airline flight airport plane passenger travel air pilot security traveler","game season ray run team yankee hit series three get",0.2
"game season ray run team yankee hit series three get","player team game sport world cup coach match league fan",1.6
