"topic1","topic2","score"
"language asylum cultural ethnic britain british race culture black immigration","per cent housing ireland northern population survey number areas employment",0.6
"language asylum cultural ethnic britain british race culture black immigration","meeting party members european union campaign socialist group conference forum",0.8
"language asylum cultural ethnic britain british race culture black immigration","children research study social child parents family analysis studies young",0.8
"language asylum cultural ethnic britain british race culture black immigration","world countries international development eu trade africa global country uk",2.83
"language asylum cultural ethnic britain british race culture black immigration","political party labour government class state workers british politics election",1.6
"language asylum cultural ethnic britain british race culture black immigration","israel israeli jewish jews palestinian said american world arab palestinians",1
"language asylum cultural ethnic britain british race culture black immigration","education school schools teachers learning students children special teaching teacher",1.2
"language asylum cultural ethnic britain british race culture black immigration","film films movie dvd review cinema movies story director screen",0
"language asylum cultural ethnic britain british race culture black immigration","ireland northern community catholic conflict belfast church protestant irish ulster",0.2
"meeting party members european union campaign socialist group conference forum","read th june posted november march september article october february",0.2
"meeting party members european union campaign socialist group conference forum","health care medical hospital dr medicine society older nhs clinical",0.4
"meeting party members european union campaign socialist group conference forum","city development manchester local community centre regional north council east",1.2
"meeting party members european union campaign socialist group conference forum","world countries international development eu trade africa global country uk",0.6
"meeting party members european union campaign socialist group conference forum","political party labour government class state workers british politics election",2
"meeting party members european union campaign socialist group conference forum","chester council road city park site street local station building",0.4
"meeting party members european union campaign socialist group conference forum","iraq us iraqi war said saddam oil weapons military united",0.5
"meeting party members european union campaign socialist group conference forum","security information internet intelligence net infrastructure systems national technology risk",0.4
"meeting party members european union campaign socialist group conference forum","information government public act bill minister committee mr report secretary",2.6
"uk travel hotel area available co accommodation day holiday london","experience team job uk management company manager business design development",0.5
"uk travel hotel area available co accommodation day holiday london","mins ball cup football team game england world match half",0.4
"uk travel hotel area available co accommodation day holiday london","pm like get ve know think re really got good",0.4
"uk travel hotel area available co accommodation day holiday london","chester council road city park site street local station building",0.8
"uk travel hotel area available co accommodation day holiday london","information site web use page please available online search website",0.4
"uk travel hotel area available co accommodation day holiday london","www http uk com org information resource html site co",0
"uk travel hotel area available co accommodation day holiday london","scotland scottish london edinburgh centre museum st park street guide",1
"uk travel hotel area available co accommodation day holiday london","music album band song songs love best cd musical live",0
"uk travel hotel area available co accommodation day holiday london","fish fishing fly trout water line rod good river flies",0.4
"uk travel hotel area available co accommodation day holiday london","students course student courses programme study university year degree level",0.6
"city development manchester local community centre regional north council east","read th june posted november march september article october february",0
"city development manchester local community centre regional north council east","experience team job uk management company manager business design development",1
"city development manchester local community centre regional north council east","news press media year bbc award awards daily newspaper editor",1
"city development manchester local community centre regional north council east","per cent housing ireland northern population survey number areas employment",1.8
"city development manchester local community centre regional north council east","species conservation deer hunting animal wildlife animals management rural natural",0.4
"city development manchester local community centre regional north council east","chester council road city park site street local station building",1.4
"city development manchester local community centre regional north council east","services service local health support government community national public information",0.4
"city development manchester local community centre regional north council east","education school schools teachers learning students children special teaching teacher",0.6
"city development manchester local community centre regional north council east","scotland scottish london edinburgh centre museum st park street guide",0.8
"city development manchester local community centre regional north council east","mins ball cup football team game england world match half",0.4
"city development manchester local community centre regional north council east","university ireland northern queen professor irish research belfast dr lancaster",1.4
"world countries international development eu trade africa global country uk","gm crops food farmers wales welsh organic bt rice maize",0.6
"world countries international development eu trade africa global country uk","business tax company market companies money euro price uk year",1.8
"world countries international development eu trade africa global country uk","species conservation deer hunting animal wildlife animals management rural natural",0.6
"world countries international development eu trade africa global country uk","iraq us iraqi war said saddam oil weapons military united",0.6
"world countries international development eu trade africa global country uk","israel israeli jewish jews palestinian said american world arab palestinians",1.2
"world countries international development eu trade africa global country uk","services service local health support government community national public information",1.2
"world countries international development eu trade africa global country uk","water energy oil gas use used waste fuel air environmental",0.4
"world countries international development eu trade africa global country uk","www http uk com org information resource html site co",0.6
"business tax company market companies money euro price uk year","experience team job uk management company manager business design development",0.4
"business tax company market companies money euro price uk year","per cent housing ireland northern population survey number areas employment",1
"business tax company market companies money euro price uk year","working workers flexible office hours home staff business employees benefits",0.6
"business tax company market companies money euro price uk year","font px color margin text pt decoration padding jobsbox border",0
"business tax company market companies money euro price uk year","windows software microsoft computer system server pc spam security network",0
"business tax company market companies money euro price uk year","shall section act must goods notice person claim vat regulations",0.6
"political party labour government class state workers british politics election","court war prisoners law german case police general military evidence",1.8
"political party labour government class state workers british politics election","ireland northern community catholic conflict belfast church protestant irish ulster",1
"political party labour government class state workers british politics election","iraq us iraqi war said saddam oil weapons military united",2.4
"learning reviewing training experience group use help development skills ideas","experience team job uk management company manager business design development",2.4
"learning reviewing training experience group use help development skills ideas","children research study social child parents family analysis studies young",2
"learning reviewing training experience group use help development skills ideas","book books read author review reading chapter story isbn pages",0.4
"learning reviewing training experience group use help development skills ideas","said like think know could get go back good see",0.5
"learning reviewing training experience group use help development skills ideas","light earth life sun water love spiritual stone world power",0
"learning reviewing training experience group use help development skills ideas","education school schools teachers learning students children special teaching teacher",2.6
"learning reviewing training experience group use help development skills ideas","client metaphor language modelling clean information metaphors symbolic space like",1
"learning reviewing training experience group use help development skills ideas","students course student courses programme study university year degree level",2.6
"posted posts back top post get lot camera good use","dog cm cat size dogs pet small price use long",0
"posted posts back top post get lot camera good use","pm like get ve know think re really got good",1
"posted posts back top post get lot camera good use","information site web use page please available online search website",0.2
"posted posts back top post get lot camera good use","string code value object type name function use used example",0.4
"posted posts back top post get lot camera good use","game games play good get like re even really players",0.8
"posted posts back top post get lot camera good use","windows software microsoft computer system server pc spam security network",0.6
"posted posts back top post get lot camera good use","get price video digital click uk us tv mobile dvd",1.8
"service customer call phone email customers please get telephone broadband","pm like get ve know think re really got good",0
"service customer call phone email customers please get telephone broadband","said like think know could get go back good see",0
"service customer call phone email customers please get telephone broadband","information site web use page please available online search website",1.4
"service customer call phone email customers please get telephone broadband","security information internet intelligence net infrastructure systems national technology risk",1
"service customer call phone email customers please get telephone broadband","working workers flexible office hours home staff business employees benefits",0.8
"service customer call phone email customers please get telephone broadband","jun re jan apr mar feb jul date nov durham",0
"service customer call phone email customers please get telephone broadband","client metaphor language modelling clean information metaphors symbolic space like",0.6
"iraq us iraqi war said saddam oil weapons military united","court war prisoners law german case police general military evidence",2.2
"iraq us iraqi war said saddam oil weapons military united","israel israeli jewish jews palestinian said american world arab palestinians",2.2
"iraq us iraqi war said saddam oil weapons military united","security information internet intelligence net infrastructure systems national technology risk",3.2
"iraq us iraqi war said saddam oil weapons military united","support operations air commander units force mission personnel command fire",2.2
"iraq us iraqi war said saddam oil weapons military united","information government public act bill minister committee mr report secretary",1.2
"iraq us iraqi war said saddam oil weapons military united","news press media year bbc award awards daily newspaper editor",0.4
"human gene science research genes genome genetic dna cells cell","gm crops food farmers wales welsh organic bt rice maize",0.2
"human gene science research genes genome genetic dna cells cell","data system software systems used design project requirements shall model",0
"human gene science research genes genome genetic dna cells cell","body disease risk blood health exercise training heart cancer high",1.6
"human gene science research genes genome genetic dna cells cell","www http uk com org information resource html site co",0.2
"security information internet intelligence net infrastructure systems national technology risk","university board council report cambridge general committee faculty research academic",0.2
"security information internet intelligence net infrastructure systems national technology risk","support operations air commander units force mission personnel command fire",0.6
"security information internet intelligence net infrastructure systems national technology risk","working workers flexible office hours home staff business employees benefits",0.4
"security information internet intelligence net infrastructure systems national technology risk","www http uk com org information resource html site co",2.2
"security information internet intelligence net infrastructure systems national technology risk","windows software microsoft computer system server pc spam security network",2.2
"security information internet intelligence net infrastructure systems national technology risk","client metaphor language modelling clean information metaphors symbolic space like",0.6
"support operations air commander units force mission personnel command fire","figure line map point position used must ground distance use",2.2
"support operations air commander units force mission personnel command fire","war british army royal military battle soldiers defence raf men",1.6
"support operations air commander units force mission personnel command fire","water energy oil gas use used waste fuel air environmental",1
"string code value object type name function use used example","windows software microsoft computer system server pc spam security network",0.6
"string code value object type name function use used example","data system software systems used design project requirements shall model",2
"string code value object type name function use used example","file set command name option used shell files directory user",1.4
"working workers flexible office hours home staff business employees benefits","experience team job uk management company manager business design development",1.6
"working workers flexible office hours home staff business employees benefits","per cent housing ireland northern population survey number areas employment",0.8
"working workers flexible office hours home staff business employees benefits","said like think know could get go back good see",0
"font px color margin text pt decoration padding jobsbox border","mins ball cup football team game england world match half",0
"font px color margin text pt decoration padding jobsbox border","get price video digital click uk us tv mobile dvd",0.2
"font px color margin text pt decoration padding jobsbox border","race car van racing ff rf diemen lap championship cars",0
"www http uk com org information resource html site co","read th june posted november march september article october february",0.2
"www http uk com org information resource html site co","history art century world collection th museum american british library",1
"www http uk com org information resource html site co","pm like get ve know think re really got good",0
"www http uk com org information resource html site co","research education university uk ac institute staff issue conference seminar",1.4
"www http uk com org information resource html site co","information site web use page please available online search website",2
"www http uk com org information resource html site co","jun re jan apr mar feb jul date nov durham",0
"www http uk com org information resource html site co","windows software microsoft computer system server pc spam security network",1
"events event theory neural mental idea given something say causal","client metaphor language modelling clean information metaphors symbolic space like",0.8
"windows software microsoft computer system server pc spam security network","information site web use page please available online search website",1.8
"windows software microsoft computer system server pc spam security network","file set command name option used shell files directory user",1.8
"windows software microsoft computer system server pc spam security network","get price video digital click uk us tv mobile dvd",1.6
"scotland scottish london edinburgh centre museum st park street guide","history art century world collection th museum american british library",2.6
"scotland scottish london edinburgh centre museum st park street guide","st house church john th parish county wales history william",0.8
"scotland scottish london edinburgh centre museum st park street guide","chester council road city park site street local station building",0.4
"music album band song songs love best cd musical live","film films movie dvd review cinema movies story director screen",1
"music album band song songs love best cd musical live","pm like get ve know think re really got good",0
"music album band song songs love best cd musical live","series th john director television cast tx script show david",0.8
"music album band song songs love best cd musical live","get price video digital click uk us tv mobile dvd",0.8
"fish fishing fly trout water line rod good river flies","birds seen bird black us white species th day common",1
"fish fishing fly trout water line rod good river flies","dog cm cat size dogs pet small price use long",0.6
"fish fishing fly trout water line rod good river flies","body disease risk blood health exercise training heart cancer high",0.4
"fish fishing fly trout water line rod good river flies","garden plants plant flowers rhs soil trees leaves species spring",0.8
"fish fishing fly trout water line rod good river flies","mins ball cup football team game england world match half",0.4
"birds seen bird black us white species th day common","dog cm cat size dogs pet small price use long",0.8
"birds seen bird black us white species th day common","species conservation deer hunting animal wildlife animals management rural natural",2.33
"birds seen bird black us white species th day common","figure line map point position used must ground distance use",0
"birds seen bird black us white species th day common","garden plants plant flowers rhs soil trees leaves species spring",0.4
"birds seen bird black us white species th day common","chester council road city park site street local station building",0.4
"birds seen bird black us white species th day common","st house church john th parish county wales history william",0.2
"birds seen bird black us white species th day common","light earth life sun water love spiritual stone world power",0.4
"birds seen bird black us white species th day common","water energy oil gas use used waste fuel air environmental",1.8
"court war prisoners law german case police general military evidence","war british army royal military battle soldiers defence raf men",1.4
"court war prisoners law german case police general military evidence","st house church john th parish county wales history william",0.4
"court war prisoners law german case police general military evidence","information government public act bill minister committee mr report secretary",0.67
"court war prisoners law german case police general military evidence","shall section act must goods notice person claim vat regulations",0
"treatment drug patients care health services nhs nta pain clinical","health care medical hospital dr medicine society older nhs clinical",2.8
"treatment drug patients care health services nhs nta pain clinical","children research study social child parents family analysis studies young",1.6
"treatment drug patients care health services nhs nta pain clinical","body disease risk blood health exercise training heart cancer high",2.6
"children research study social child parents family analysis studies young","education school schools teachers learning students children special teaching teacher",3
"children research study social child parents family analysis studies young","ireland northern community catholic conflict belfast church protestant irish ulster",0
"body disease risk blood health exercise training heart cancer high","figure line map point position used must ground distance use",0
"body disease risk blood health exercise training heart cancer high","dog cm cat size dogs pet small price use long",0.2
"university board council report cambridge general committee faculty research academic","students course student courses programme study university year degree level",2
"university board council report cambridge general committee faculty research academic","health care medical hospital dr medicine society older nhs clinical",0
"university board council report cambridge general committee faculty research academic","ireland northern community catholic conflict belfast church protestant irish ulster",0.2
"university board council report cambridge general committee faculty research academic","chemical engineering materials cambridge fibre process fibres project composites flow",1.6
"race car van racing ff rf diemen lap championship cars","figure line map point position used must ground distance use",0
"race car van racing ff rf diemen lap championship cars","war british army royal military battle soldiers defence raf men",0.2
"race car van racing ff rf diemen lap championship cars","hunting hunt fox hounds foxes horses think point farmers dogs",0.6
"race car van racing ff rf diemen lap championship cars","mins ball cup football team game england world match half",1
"race car van racing ff rf diemen lap championship cars","university ireland northern queen professor irish research belfast dr lancaster",0
"race car van racing ff rf diemen lap championship cars","students course student courses programme study university year degree level",0
"figure line map point position used must ground distance use","dog cm cat size dogs pet small price use long",0.4
"figure line map point position used must ground distance use","war british army royal military battle soldiers defence raf men",0.4
"figure line map point position used must ground distance use","light earth life sun water love spiritual stone world power",1.2
"figure line map point position used must ground distance use","water energy oil gas use used waste fuel air environmental",0.4
"figure line map point position used must ground distance use","client metaphor language modelling clean information metaphors symbolic space like",0.83
"history art century world collection th museum american british library","book books read author review reading chapter story isbn pages",1.6
"history art century world collection th museum american british library","god us life jesus poetry world man english christ novel",0
"history art century world collection th museum american british library","war british army royal military battle soldiers defence raf men",0.8
"history art century world collection th museum american british library","film films movie dvd review cinema movies story director screen",0.4
"history art century world collection th museum american british library","university ireland northern queen professor irish research belfast dr lancaster",0.8
"data system software systems used design project requirements shall model","experience team job uk management company manager business design development",1.6
"data system software systems used design project requirements shall model","file set command name option used shell files directory user",1.8
"chester council road city park site street local station building","per cent housing ireland northern population survey number areas employment",0.83
"chester council road city park site street local station building","st house church john th parish county wales history william",0.4
"chester council road city park site street local station building","hunting hunt fox hounds foxes horses think point farmers dogs",0
"research education university uk ac institute staff issue conference seminar","health care medical hospital dr medicine society older nhs clinical",0.2
"research education university uk ac institute staff issue conference seminar","information site web use page please available online search website",1.2
"research education university uk ac institute staff issue conference seminar","education school schools teachers learning students children special teaching teacher",3.8
"research education university uk ac institute staff issue conference seminar","university ireland northern queen professor irish research belfast dr lancaster",3.4
"research education university uk ac institute staff issue conference seminar","students course student courses programme study university year degree level",2.8
"said like think know could get go back good see","god us life jesus poetry world man english christ novel",0
"said like think know could get go back good see","game games play good get like re even really players",0.4
"said like think know could get go back good see","pm like get ve know think re really got good",2
"light earth life sun water love spiritual stone world power","garden plants plant flowers rhs soil trees leaves species spring",2.4
"light earth life sun water love spiritual stone world power","god us life jesus poetry world man english christ novel",1.2
"light earth life sun water love spiritual stone world power","client metaphor language modelling clean information metaphors symbolic space like",0.2
"light earth life sun water love spiritual stone world power","ireland northern community catholic conflict belfast church protestant irish ulster",0.4
"year years part world make good us month around week","rover year next world make money used every future commercial",2
"services service local health support government community national public information","per cent housing ireland northern population survey number areas employment",0.4
"services service local health support government community national public information","health care medical hospital dr medicine society older nhs clinical",2.2
"services service local health support government community national public information","information government public act bill minister committee mr report secretary",2.6
"file set command name option used shell files directory user","information site web use page please available online search website",2.4
"game games play good get like re even really players","film films movie dvd review cinema movies story director screen",0
"game games play good get like re even really players","get price video digital click uk us tv mobile dvd",0.2
"game games play good get like re even really players","mins ball cup football team game england world match half",3.8
"jun re jan apr mar feb jul date nov durham","read th june posted november march september article october february",3
"jun re jan apr mar feb jul date nov durham","pm like get ve know think re really got good",0
"jun re jan apr mar feb jul date nov durham","mins ball cup football team game england world match half",0
"jun re jan apr mar feb jul date nov durham","university ireland northern queen professor irish research belfast dr lancaster",0
"film films movie dvd review cinema movies story director screen","book books read author review reading chapter story isbn pages",1
"film films movie dvd review cinema movies story director screen","get price video digital click uk us tv mobile dvd",1.4
"film films movie dvd review cinema movies story director screen","series th john director television cast tx script show david",2.6
"hunting hunt fox hounds foxes horses think point farmers dogs","species conservation deer hunting animal wildlife animals management rural natural",2.6
"mins ball cup football team game england world match half","read th june posted november march september article october february",0.2
"mins ball cup football team game england world match half","pm like get ve know think re really got good",0.2
"mins ball cup football team game england world match half","news press media year bbc award awards daily newspaper editor",0
"mins ball cup football team game england world match half","series th john director television cast tx script show david",0.2
"series th john director television cast tx script show david","read th june posted november march september article october february",0
"series th john director television cast tx script show david","god us life jesus poetry world man english christ novel",0
"series th john director television cast tx script show david","war british army royal military battle soldiers defence raf men",0.8
"series th john director television cast tx script show david","news press media year bbc award awards daily newspaper editor",0.6
"shall section act must goods notice person claim vat regulations","information site web use page please available online search website",0.2
"shall section act must goods notice person claim vat regulations","per cent housing ireland northern population survey number areas employment",0
"shall section act must goods notice person claim vat regulations","information government public act bill minister committee mr report secretary",0.4
"read th june posted november march september article october february","news press media year bbc award awards daily newspaper editor",0.8
"read th june posted november march september article october february","university ireland northern queen professor irish research belfast dr lancaster",0
"read th june posted november march september article october february","pm like get ve know think re really got good",0
"read th june posted november march september article october february","information government public act bill minister committee mr report secretary",0
"experience team job uk management company manager business design development","get price video digital click uk us tv mobile dvd",0
"experience team job uk management company manager business design development","students course student courses programme study university year degree level",1
"health care medical hospital dr medicine society older nhs clinical","news press media year bbc award awards daily newspaper editor",0.2
"health care medical hospital dr medicine society older nhs clinical","university ireland northern queen professor irish research belfast dr lancaster",0.4
"health care medical hospital dr medicine society older nhs clinical","students course student courses programme study university year degree level",0.8
"dog cm cat size dogs pet small price use long","garden plants plant flowers rhs soil trees leaves species spring",0
"dog cm cat size dogs pet small price use long","water energy oil gas use used waste fuel air environmental",0
"book books read author review reading chapter story isbn pages","god us life jesus poetry world man english christ novel",0.4
"book books read author review reading chapter story isbn pages","war british army royal military battle soldiers defence raf men",0.2
"species conservation deer hunting animal wildlife animals management rural natural","gm crops food farmers wales welsh organic bt rice maize",0.6
"species conservation deer hunting animal wildlife animals management rural natural","per cent housing ireland northern population survey number areas employment",0
"species conservation deer hunting animal wildlife animals management rural natural","garden plants plant flowers rhs soil trees leaves species spring",2.4
"species conservation deer hunting animal wildlife animals management rural natural","water energy oil gas use used waste fuel air environmental",0.8
"garden plants plant flowers rhs soil trees leaves species spring","gm crops food farmers wales welsh organic bt rice maize",1
"garden plants plant flowers rhs soil trees leaves species spring","water energy oil gas use used waste fuel air environmental",1.6
"war british army royal military battle soldiers defence raf men","st house church john th parish county wales history william",1.2
"war british army royal military battle soldiers defence raf men","university ireland northern queen professor irish research belfast dr lancaster",1.2
"chemical engineering materials cambridge fibre process fibres project composites flow","university ireland northern queen professor irish research belfast dr lancaster",0.8
"chemical engineering materials cambridge fibre process fibres project composites flow","client metaphor language modelling clean information metaphors symbolic space like",0.6
"chemical engineering materials cambridge fibre process fibres project composites flow","students course student courses programme study university year degree level",1.8
"information site web use page please available online search website","get price video digital click uk us tv mobile dvd",1.2
"information site web use page please available online search website","news press media year bbc award awards daily newspaper editor",1.2
"education school schools teachers learning students children special teaching teacher","students course student courses programme study university year degree level",3.2
"get price video digital click uk us tv mobile dvd","news press media year bbc award awards daily newspaper editor",0.8
"news press media year bbc award awards daily newspaper editor","gm crops food farmers wales welsh organic bt rice maize",0.2
"news press media year bbc award awards daily newspaper editor","university ireland northern queen professor irish research belfast dr lancaster",0.4
"university ireland northern queen professor irish research belfast dr lancaster","ireland northern community catholic conflict belfast church protestant irish ulster",2.2
"university ireland northern queen professor irish research belfast dr lancaster","students course student courses programme study university year degree level",1.8
"client metaphor language modelling clean information metaphors symbolic space like","ireland northern community catholic conflict belfast church protestant irish ulster",0.2
"ireland northern community catholic conflict belfast church protestant irish ulster","per cent housing ireland northern population survey number areas employment",1.6
