"topic1","topic2","score"
"ethnic race britain black british muslim equality social white racial","research study children social evidence studies group analysis health evaluation",0.8
"countries trade eu world european uk development international developing debt","water world africa development poverty countries international million poor african",1.4
"countries trade eu world european uk development international developing debt","war us rights government international united states human workers peace",0
"business company market companies euro financial price investment year uk","party class socialist left workers political working state movement revolution",1.4
"business company market companies euro financial price investment year uk","israel israeli palestinian said arab palestinians palestine american boycott al",0.33
"business company market companies euro financial price investment year uk","god us life world love jesus must man way even",0
"party class socialist left workers political working state movement revolution","patients treatment clinical study patient cancer trials evidence studies use",0.2
"party class socialist left workers political working state movement revolution","research study children social evidence studies group analysis health evaluation",0.6
"party class socialist left workers political working state movement revolution","health care services treatment drug service nhs national local nta",1.4
"party class socialist left workers political working state movement revolution","poetry book poems life writing novel books poet poem like",0
"party class socialist left workers political working state movement revolution","history century library british collection london historical britain early website",0.4
"party class socialist left workers political working state movement revolution","jesus paul christian god church christ roman greek century text",0
"party class socialist left workers political working state movement revolution","party labour vote election elections blair political government votes parties",3.6
"party class socialist left workers political working state movement revolution","cuba la ch venezuela de cuban vez president el latin",1.4
"party class socialist left workers political working state movement revolution","type resource chemistry analysis university microscopy physics lecture notes molecular",0.4
"party class socialist left workers political working state movement revolution","gm human gene genetic genes genome dna cells crops cell",0
"party class socialist left workers political working state movement revolution","text journal published publication book authors author articles paper article",0
"party class socialist left workers political working state movement revolution","per government health cent employers workers working year prison said",1.4
"party class socialist left workers political working state movement revolution","german germany war jews ss hitler nazi reich order general",0.4
"party class socialist left workers political working state movement revolution","www http uk org com information html site co news",0
"party class socialist left workers political working state movement revolution","university research science college professor centre department school students technology",1.4
"party class socialist left workers political working state movement revolution","way theory different might rather even example however sense fact",0.2
"iraq iraqi said us war saddam weapons sanctions baghdad military","education school schools teachers children students learning special teacher educational",0.2
"iraq iraqi said us war saddam weapons sanctions baghdad military","patients treatment clinical study patient cancer trials evidence studies use",0.4
"iraq iraqi said us war saddam weapons sanctions baghdad military","research study children social evidence studies group analysis health evaluation",0.2
"iraq iraqi said us war saddam weapons sanctions baghdad military","gm human gene genetic genes genome dna cells crops cell",0.8
"iraq iraqi said us war saddam weapons sanctions baghdad military","war us rights government international united states human workers peace",1.4
"iraq iraqi said us war saddam weapons sanctions baghdad military","oil us world prices turkey russia production million billion gas",2.8
"iraq iraqi said us war saddam weapons sanctions baghdad military","type resource chemistry analysis university microscopy physics lecture notes molecular",0.6
"iraq iraqi said us war saddam weapons sanctions baghdad military","israel israeli palestinian said arab palestinians palestine american boycott al",2.2
"iraq iraqi said us war saddam weapons sanctions baghdad military","university research science college professor centre department school students technology",0
"iraq iraqi said us war saddam weapons sanctions baghdad military","information government public act bill committee freedom mr department authorities",1.6
"iraq iraqi said us war saddam weapons sanctions baghdad military","www http uk org com information html site co news",0
"iraq iraqi said us war saddam weapons sanctions baghdad military","security information intelligence national government states federal systems infrastructure attacks",1.4
"type resource chemistry analysis university microscopy physics lecture notes molecular","court case prisoners law evidence trial war accused international military",0
"type resource chemistry analysis university microscopy physics lecture notes molecular","seen birds black along white good us species th bird",0.2
"type resource chemistry analysis university microscopy physics lecture notes molecular","said man mr could little like old never came come",0
"type resource chemistry analysis university microscopy physics lecture notes molecular","music album band song songs musical cd track piano love",0.2
"type resource chemistry analysis university microscopy physics lecture notes molecular","poetry book poems life writing novel books poet poem like",0.2
"type resource chemistry analysis university microscopy physics lecture notes molecular","israel israeli palestinian said arab palestinians palestine american boycott al",0.4
"type resource chemistry analysis university microscopy physics lecture notes molecular","water used use materials tank waste equipment material using plastic",0.33
"type resource chemistry analysis university microscopy physics lecture notes molecular","gm human gene genetic genes genome dna cells crops cell",1.5
"type resource chemistry analysis university microscopy physics lecture notes molecular","film review movie dvd films story see like best movies",0
"type resource chemistry analysis university microscopy physics lecture notes molecular","engineering chemical cambridge project process research dr using group flow",2.8
"type resource chemistry analysis university microscopy physics lecture notes molecular","series director th tx john cast script synopsis episode show",0.2
"type resource chemistry analysis university microscopy physics lecture notes molecular","god us life world love jesus must man way even",0.6
"support operations commander units command force air area combat personnel","court case prisoners law evidence trial war accused international military",0.6
"support operations commander units command force air area combat personnel","shall equipment training requirements tm procedures must task maintenance crew",1.8
"string object type value name class function module array code","court case prisoners law evidence trial war accused international military",0
"string object type value name class function module array code","code thread lock like net using use example way threads",0.8
"working flexible home office staff hours workers business benefits technology","said man mr could little like old never came come",0.2
"www http uk org com information html site co news","court case prisoners law evidence trial war accused international military",0.6
"www http uk org com information html site co news","war us rights government international united states human workers peace",0.2
"www http uk org com information html site co news","like get know think ve really said re good back",0
"www http uk org com information html site co news","israel israeli palestinian said arab palestinians palestine american boycott al",0.6
"www http uk org com information html site co news","said man mr could little like old never came come",0
"www http uk org com information html site co news","food eat fruit fat foods good fish milk cream eating",0.4
"www http uk org com information html site co news","god us life world love jesus must man way even",0
"years used year world use run month free events company","year every find run free like local uk day us",2
"day three years days world run year small find number","help home year find make run take day world years",1.2
"day three years days world run year small find number","year find every years high help make become day last",2.4
"arthur sir man andrews murder walter holmes mystery doyle sherlock","said man mr could little like old never came come",0.8
"fish fishing fly trout water line rod river flies anglers","conservation species environment environmental management natural uk wildlife nature areas",2.4
"birds bird nest ospreys water osprey rutland female last year","seen birds black along white good us species th bird",2.6
"help home year find make run take day world years","years around find home year every part company free month",1.2
"help home year find make run take day world years","year find every years high help make become day last",2.6
"help home year find make run take day world years","year years take free world find working like become start",1.4
"court case prisoners law evidence trial war accused international military","text journal published publication book authors author articles paper article",0.6
"court case prisoners law evidence trial war accused international military","health care services treatment drug service nhs national local nta",0
"court case prisoners law evidence trial war accused international military","german germany war jews ss hitler nazi reich order general",1.2
"court case prisoners law evidence trial war accused international military","security information intelligence national government states federal systems infrastructure attacks",1.4
"court case prisoners law evidence trial war accused international military","court legal law cases justice courts case lord system judges",4
"court case prisoners law evidence trial war accused international military","patients treatment clinical study patient cancer trials evidence studies use",0.8
"court case prisoners law evidence trial war accused international military","research study children social evidence studies group analysis health evaluation",0
"court case prisoners law evidence trial war accused international military","body training exercise blood heart weight risk athlete athletes strength",0.6
"court case prisoners law evidence trial war accused international military","history century library british collection london historical britain early website",0.4
"court case prisoners law evidence trial war accused international military","data system software design requirements shall used test number systems",0.2
"court case prisoners law evidence trial war accused international military","per government health cent employers workers working year prison said",1.6
"court case prisoners law evidence trial war accused international military","library information jisc resources services digital access libraries web project",0
"court case prisoners law evidence trial war accused international military","shall act section person part regulations application must made pay",1.4
"court case prisoners law evidence trial war accused international military","members medical society older medicine committee care meeting hospital dr",0.2
"court case prisoners law evidence trial war accused international military","server microsoft web net software mail message xml spam internet",0
"court case prisoners law evidence trial war accused international military","workhouse poor hospital peter block site house building union st",0.6
"court case prisoners law evidence trial war accused international military","per cent data survey population number areas figures figure report",0
"court case prisoners law evidence trial war accused international military","information government public act bill committee freedom mr department authorities",0.4
"court case prisoners law evidence trial war accused international military","water used use materials tank waste equipment material using plastic",0.4
"court case prisoners law evidence trial war accused international military","students course student courses study programme university year degree level",0.2
"court case prisoners law evidence trial war accused international military","gm human gene genetic genes genome dna cells crops cell",0.2
"court case prisoners law evidence trial war accused international military","information use site co uk website personal us copyright amazon",0
"court case prisoners law evidence trial war accused international military","war us rights government international united states human workers peace",1.6
"court case prisoners law evidence trial war accused international military","education school schools teachers children students learning special teacher educational",0
"patients treatment clinical study patient cancer trials evidence studies use","members medical society older medicine committee care meeting hospital dr",2.8
"patients treatment clinical study patient cancer trials evidence studies use","research study children social evidence studies group analysis health evaluation",2.6
"patients treatment clinical study patient cancer trials evidence studies use","body training exercise blood heart weight risk athlete athletes strength",1
"patients treatment clinical study patient cancer trials evidence studies use","music album band song songs musical cd track piano love",0
"patients treatment clinical study patient cancer trials evidence studies use","dog cm cat dogs pet size long small colour cats",0
"patients treatment clinical study patient cancer trials evidence studies use","like get know think ve really said re good back",0
"patients treatment clinical study patient cancer trials evidence studies use","party labour vote election elections blair political government votes parties",0.4
"patients treatment clinical study patient cancer trials evidence studies use","comment comments add posted read pm june report world guardian",0
"patients treatment clinical study patient cancer trials evidence studies use","poetry book poems life writing novel books poet poem like",0
"patients treatment clinical study patient cancer trials evidence studies use","israel israeli palestinian said arab palestinians palestine american boycott al",0.2
"patients treatment clinical study patient cancer trials evidence studies use","church st parish county john wales century th history fn",0.8
"patients treatment clinical study patient cancer trials evidence studies use","said man mr could little like old never came come",0.2
"patients treatment clinical study patient cancer trials evidence studies use","art world th history american museum years via century life",0
"patients treatment clinical study patient cancer trials evidence studies use","seen birds black along white good us species th bird",0.2
"patients treatment clinical study patient cancer trials evidence studies use","film review movie dvd films story see like best movies",0
"patients treatment clinical study patient cancer trials evidence studies use","series director th tx john cast script synopsis episode show",0
"patients treatment clinical study patient cancer trials evidence studies use","god us life world love jesus must man way even",0
"research study children social evidence studies group analysis health evaluation","jesus paul christian god church christ roman greek century text",0.2
"research study children social evidence studies group analysis health evaluation","comment comments add posted read pm june report world guardian",0.2
"research study children social evidence studies group analysis health evaluation","game good get like re play games ll even really",0.4
"research study children social evidence studies group analysis health evaluation","german germany war jews ss hitler nazi reich order general",0.2
"research study children social evidence studies group analysis health evaluation","film review movie dvd films story see like best movies",0
"research study children social evidence studies group analysis health evaluation","god us life world love jesus must man way even",0
"research study children social evidence studies group analysis health evaluation","like get know think ve really said re good back",0
"research study children social evidence studies group analysis health evaluation","israel israeli palestinian said arab palestinians palestine american boycott al",0.6
"research study children social evidence studies group analysis health evaluation","art world th history american museum years via century life",0.5
"research study children social evidence studies group analysis health evaluation","food eat fruit fat foods good fish milk cream eating",0.8
"research study children social evidence studies group analysis health evaluation","series director th tx john cast script synopsis episode show",0.17
"research study children social evidence studies group analysis health evaluation","poetry book poems life writing novel books poet poem like",0.6
"research study children social evidence studies group analysis health evaluation","dog cm cat dogs pet size long small colour cats",0
"research study children social evidence studies group analysis health evaluation","party labour vote election elections blair political government votes parties",0.6
"research study children social evidence studies group analysis health evaluation","music album band song songs musical cd track piano love",0
"research study children social evidence studies group analysis health evaluation","said man mr could little like old never came come",0.4
"research study children social evidence studies group analysis health evaluation","ireland northern irish community political catholic belfast conflict protestant ulster",0.4
"body training exercise blood heart weight risk athlete athletes strength","said man mr could little like old never came come",0.4
"body training exercise blood heart weight risk athlete athletes strength","film review movie dvd films story see like best movies",0.6
"body training exercise blood heart weight risk athlete athletes strength","food eat fruit fat foods good fish milk cream eating",1.4
"body training exercise blood heart weight risk athlete athletes strength","series director th tx john cast script synopsis episode show",0
"football team cup world players season league england club game","mins ball game goal half gloucester back england kick side",2.4
"data system software design requirements shall used test number systems","poetry book poems life writing novel books poet poem like",0
"data system software design requirements shall used test number systems","film review movie dvd films story see like best movies",0.4
"data system software design requirements shall used test number systems","said man mr could little like old never came come",0
"data system software design requirements shall used test number systems","god us life world love jesus must man way even",0
"like get know think ve really said re good back","health care services treatment drug service nhs national local nta",0.4
"like get know think ve really said re good back","education school schools teachers children students learning special teacher educational",0
"like get know think ve really said re good back","university research science college professor centre department school students technology",0
"soul th top page group love records recorded motown album","music album band song songs musical cd track piano love",0.8
"water light sun stone healing sacred goddess tree earth celtic","god us life world love jesus must man way even",0.4
"israel israeli palestinian said arab palestinians palestine american boycott al","education school schools teachers children students learning special teacher educational",0.2
"israel israeli palestinian said arab palestinians palestine american boycott al","war us rights government international united states human workers peace",1.8
"israel israeli palestinian said arab palestinians palestine american boycott al","jewish jews religious hebrew community judaism rabbi jew orthodox anti",3.2
"israel israeli palestinian said arab palestinians palestine american boycott al","university research science college professor centre department school students technology",1.2
"team part year find month help group years run free","year every find run free like local uk day us",1.8
"team part year find month help group years run free","become years year find world every number month staff help",0
"team part year find month help group years run free","years find help every information free year world become make",0.6
"team part year find month help group years run free","year years world run month last day home around free",2
"per government health cent employers workers working year prison said","said man mr could little like old never came come",0
"per government health cent employers workers working year prison said","god us life world love jesus must man way even",0
"year years used home since day find run us set","year every find run free like local uk day us",1.8
"year years used home since day find run us set","year run since years world home free find around local",3
"year years used home since day find run us set","year years world find still month free make help us",3.4
"series director th tx john cast script synopsis episode show","education school schools teachers children students learning special teacher educational",0.2
"series director th tx john cast script synopsis episode show","members medical society older medicine committee care meeting hospital dr",0
"series director th tx john cast script synopsis episode show","gm human gene genetic genes genome dna cells crops cell",0.2
"series director th tx john cast script synopsis episode show","health care services treatment drug service nhs national local nta",0.6
"series director th tx john cast script synopsis episode show","university research science college professor centre department school students technology",0
"series director th tx john cast script synopsis episode show","information government public act bill committee freedom mr department authorities",0.2
"series director th tx john cast script synopsis episode show","film review movie dvd films story see like best movies",1.6
"series director th tx john cast script synopsis episode show","shall act section person part regulations application must made pay",0
"shall act section person part regulations application must made pay","court legal law cases justice courts case lord system judges",1
"shall act section person part regulations application must made pay","poetry book poems life writing novel books poet poem like",0.2
"shall act section person part regulations application must made pay","war us rights government international united states human workers peace",1.4
"shall act section person part regulations application must made pay","park chester building site palace city crystal council planning buildings",1
"shall act section person part regulations application must made pay","said man mr could little like old never came come",0.17
"shall act section person part regulations application must made pay","god us life world love jesus must man way even",0
"year years world find still month free make help us","help part world make take year month day us find",2.2
"th read november october june september article february march january","gm human gene genetic genes genome dna cells crops cell",0
"th read november october june september article february march january","pm dont get like im know post reply answer lol",0
"th read november october june september article february march january","health care services treatment drug service nhs national local nta",0
"th read november october june september article february march january","information government public act bill committee freedom mr department authorities",0
"experience uk manager team job company development co client sales","said man mr could little like old never came come",0.2
"experience uk manager team job company development co client sales","god us life world love jesus must man way even",0.2
"world year find us company month free become help every","year find every years high help make become day last",0.6
"world year find us company month free become help every","help part world make take year month day us find",1.2
"members medical society older medicine committee care meeting hospital dr","poetry book poems life writing novel books poet poem like",0.4
"members medical society older medicine committee care meeting hospital dr","said man mr could little like old never came come",0.2
"members medical society older medicine committee care meeting hospital dr","film review movie dvd films story see like best movies",0.4
"members medical society older medicine committee care meeting hospital dr","god us life world love jesus must man way even",0.33
"conservation species environment environmental management natural uk wildlife nature areas","seen birds black along white good us species th bird",2.4
"conservation species environment environmental management natural uk wildlife nature areas","said man mr could little like old never came come",0
"conservation species environment environmental management natural uk wildlife nature areas","god us life world love jesus must man way even",0.2
"poetry book poems life writing novel books poet poem like","education school schools teachers children students learning special teacher educational",0.8
"poetry book poems life writing novel books poet poem like","way theory different might rather even example however sense fact",0.2
"poetry book poems life writing novel books poet poem like","gm human gene genetic genes genome dna cells crops cell",0
"poetry book poems life writing novel books poet poem like","university research science college professor centre department school students technology",0.4
"poetry book poems life writing novel books poet poem like","text journal published publication book authors author articles paper article",2
"poetry book poems life writing novel books poet poem like","london author pp novel printed fiction corvey novels mo published",3.4
"day find show world run home latest every year short","free year world uk years day every help month make",0.8
"per cent data survey population number areas figures figure report","seen birds black along white good us species th bird",0.4
"per cent data survey population number areas figures figure report","ireland northern irish community political catholic belfast conflict protestant ulster",0.8
"per cent data survey population number areas figures figure report","said man mr could little like old never came come",0
"university research science college professor centre department school students technology","said man mr could little like old never came come",0.8
"university research science college professor centre department school students technology","film review movie dvd films story see like best movies",0
"university research science college professor centre department school students technology","god us life world love jesus must man way even",0
"information government public act bill committee freedom mr department authorities","party labour vote election elections blair political government votes parties",1.8
"information government public act bill committee freedom mr department authorities","said man mr could little like old never came come",0.6
"information government public act bill committee freedom mr department authorities","god us life world love jesus must man way even",0
"year world help find life become place years us month","years around find home year every part company free month",1.67
"year world help find life become place years us month","year run since years world home free find around local",3
"years around find home year every part company free month","year years free help us make world day used run",1.4
"years around find home year every part company free month","year years take free world find working like become start",1
"queen university belfast ireland northern research professor school dr centre","ireland northern irish community political catholic belfast conflict protestant ulster",1.2
"queen university belfast ireland northern research professor school dr centre","said man mr could little like old never came come",0.4
"students course student courses study programme university year degree level","said man mr could little like old never came come",0.4
"students course student courses study programme university year degree level","god us life world love jesus must man way even",0
"research funding projects support council project programme development grant applications","said man mr could little like old never came come",0
"client metaphor language modelling clean nlp metaphors information symbolic use","god us life world love jesus must man way even",0
"management training course skills staff development day programme team managers","said man mr could little like old never came come",0
"gm human gene genetic genes genome dna cells crops cell","seen birds black along white good us species th bird",0
"gm human gene genetic genes genome dna cells crops cell","music album band song songs musical cd track piano love",0.2
"gm human gene genetic genes genome dna cells crops cell","war us rights government international united states human workers peace",0.4
"gm human gene genetic genes genome dna cells crops cell","party labour vote election elections blair political government votes parties",0.4
"gm human gene genetic genes genome dna cells crops cell","said man mr could little like old never came come",0.4
"gm human gene genetic genes genome dna cells crops cell","art world th history american museum years via century life",0
"gm human gene genetic genes genome dna cells crops cell","film review movie dvd films story see like best movies",0
"gm human gene genetic genes genome dna cells crops cell","god us life world love jesus must man way even",0.6
"information use site co uk website personal us copyright amazon","god us life world love jesus must man way even",0
"war us rights government international united states human workers peace","german germany war jews ss hitler nazi reich order general",2.2
"war us rights government international united states human workers peace","water world africa development poverty countries international million poor african",1
"war us rights government international united states human workers peace","god us life world love jesus must man way even",0.67
"party labour vote election elections blair political government votes parties","education school schools teachers children students learning special teacher educational",1
"party labour vote election elections blair political government votes parties","ireland northern irish community political catholic belfast conflict protestant ulster",1
"education school schools teachers children students learning special teacher educational","seen birds black along white good us species th bird",0.2
"education school schools teachers children students learning special teacher educational","music album band song songs musical cd track piano love",0
"education school schools teachers children students learning special teacher educational","game good get like re play games ll even really",0.8
"education school schools teachers children students learning special teacher educational","said man mr could little like old never came come",0
"education school schools teachers children students learning special teacher educational","art world th history american museum years via century life",0.4
"education school schools teachers children students learning special teacher educational","film review movie dvd films story see like best movies",0.2
"education school schools teachers children students learning special teacher educational","food eat fruit fat foods good fish milk cream eating",0.83
"education school schools teachers children students learning special teacher educational","god us life world love jesus must man way even",0
"tax vat scheme goods top notice customs income must use","god us life world love jesus must man way even",0
"said man mr could little like old never came come","text journal published publication book authors author articles paper article",0.6
"said man mr could little like old never came come","london author pp novel printed fiction corvey novels mo published",0.33
"said man mr could little like old never came come","pain get help back uk know take good email doctor",0.4
"said man mr could little like old never came come","health care services treatment drug service nhs national local nta",0
"said man mr could little like old never came come","language english translation languages cultural french use cross speakers culture",0.6
"said man mr could little like old never came come","development community local business regional rural project west communities partnership",0.2
"said man mr could little like old never came come","library information jisc resources services digital access libraries web project",0
"said man mr could little like old never came come","advice information council services service consumer contact local help members",0.2
"said man mr could little like old never came come","ireland northern irish community political catholic belfast conflict protestant ulster",0
"year years world run month last day home around free","years find help every information free year world become make",1.2
"water world africa development poverty countries international million poor african","seen birds black along white good us species th bird",0
"year years take free world find working like become start","us life year use day world make making free every",0.6
"advice information council services service consumer contact local help members","god us life world love jesus must man way even",0
"ireland northern irish community political catholic belfast conflict protestant ulster","jesus paul christian god church christ roman greek century text",1
"ireland northern irish community political catholic belfast conflict protestant ulster","god us life world love jesus must man way even",0.6
"text journal published publication book authors author articles paper article","god us life world love jesus must man way even",0
"jesus paul christian god church christ roman greek century text","church st parish county john wales century th history fn",1.33
"jesus paul christian god church christ roman greek century text","god us life world love jesus must man way even",3.2
"pain get help back uk know take good email doctor","god us life world love jesus must man way even",0.2
"health care services treatment drug service nhs national local nta","film review movie dvd films story see like best movies",0.4
"health care services treatment drug service nhs national local nta","god us life world love jesus must man way even",0
"energy climate change gas earth carbon emissions power environmental fuel","god us life world love jesus must man way even",0
"year find every years high help make become day last","year years free help us make world day used run",2.2
"library information jisc resources services digital access libraries web project","god us life world love jesus must man way even",0
"free year world uk years day every help month make","become years year find world every number month staff help",2.6
"years find help every information free year world become make","become years year find world every number month staff help",2.6
