"topic1","topic2","score"
"student school college university education class program high graduate campus","colorado big conference pac coach football texas state hawkins school",3
"student school college university education class program high graduate campus","school teacher education student state district test charter public system",4.2
"student school college university education class program high graduate campus","marshall south state chief ever africa way another know words",0.6
"student school college university education class program high graduate campus","bank banks financial billion government loan money credit banking crisis",0
"student school college university education class program high graduate campus","research study cell researcher brain university scientist disease science alzheimer",2.71
"student school college university education class program high graduate campus","court justice law supreme kagan right decision case amendment wrote",0.6
"student school college university education class program high graduate campus","game state team season bowl big coach newton michigan auburn",2.17
"student school college university education class program high graduate campus","football player coach sport school team college high game athlete",1.33
"student school college university education class program high graduate campus","child parent kid family say age old get young mother",2
"student school college university education class program high graduate campus","percent job economy report rate growth month economic recession unemployment",0.2
"student school college university education class program high graduate campus","theater music play broadway production opera musical performance york orchestra",0.2
"phone apple computer iphone use app mobile software free com","internet company datum service network wireless fcc verizon customer commission",1.67
"phone apple computer iphone use app mobile software free com","school teacher education student state district test charter public system",0.2
"phone apple computer iphone use app mobile software free com","republican party candidate campaign state governor democratic tea democrat voter",0.2
"phone apple computer iphone use app mobile software free com","obama president american bush government cut deficit even america economy",0
"phone apple computer iphone use app mobile software free com","health care state insurance plan program law insurer costs percent",0
"phone apple computer iphone use app mobile software free com","game camera video technology robot microsoft system computer software use",2.2
"phone apple computer iphone use app mobile software free com","facebook site social twitter online company user internet say friend",1.83
"foreclosure mortgage loan lender home bank homeowner housing state borrower","life woman family say home man friend know wife mother",0.2
"foreclosure mortgage loan lender home bank homeowner housing state borrower","bank banks financial billion government loan money credit banking crisis",3.6
"foreclosure mortgage loan lender home bank homeowner housing state borrower","eagle vick game reid philadelphia mcnabb get team kolb quarterback",0
"foreclosure mortgage loan lender home bank homeowner housing state borrower","court case judge lawyer trial prison prosecutor law state federal",1
"foreclosure mortgage loan lender home bank homeowner housing state borrower","bucs morris game play freeman team yard get season williams",0
"foreclosure mortgage loan lender home bank homeowner housing state borrower","colombia venezuela chavez latin peru president country spanish american colombian",0.17
"foreclosure mortgage loan lender home bank homeowner housing state borrower","city building project million construction center square plan community york",1.86
"foreclosure mortgage loan lender home bank homeowner housing state borrower","williams open match tennis player federer nadal set court wimbledon",0.2
"foreclosure mortgage loan lender home bank homeowner housing state borrower","water storm area weather rain river fire high air wind",0
"foreclosure mortgage loan lender home bank homeowner housing state borrower","plant garden seed crop farmer tree farm flower grow soil",0
"foreclosure mortgage loan lender home bank homeowner housing state borrower","show series season tv television episode producer network star comedy",0
"foreclosure mortgage loan lender home bank homeowner housing state borrower","race horse racing win run team marathon won mile sport",0
"foreclosure mortgage loan lender home bank homeowner housing state borrower","football player coach sport school team college high game athlete",0
"foreclosure mortgage loan lender home bank homeowner housing state borrower","game ray run season hit series team three pitch get",0.2
"foreclosure mortgage loan lender home bank homeowner housing state borrower","theater music play broadway production opera musical performance york orchestra",0.2
"foreclosure mortgage loan lender home bank homeowner housing state borrower","home price sales percent market buyer housing estate real property",3.2
"foreclosure mortgage loan lender home bank homeowner housing state borrower","scientist species found ago animal university fossil humans science human",0.4
"foreclosure mortgage loan lender home bank homeowner housing state borrower","dance ballet dancer company theater swan work performance dancing cuban",0.17
"foreclosure mortgage loan lender home bank homeowner housing state borrower","wine drink beer bottle coffee glass flavor alcohol make cocktail",0.2
"foreclosure mortgage loan lender home bank homeowner housing state borrower","film movie character story director man star actor make directed",0
"foreclosure mortgage loan lender home bank homeowner housing state borrower","police officer man city crime department official gun shooting arrested",0.2
"foreclosure mortgage loan lender home bank homeowner housing state borrower","game army dame team notre play field yard kelly back",0.2
"foreclosure mortgage loan lender home bank homeowner housing state borrower","book novel story life author page writer writes reader read",0
"foreclosure mortgage loan lender home bank homeowner housing state borrower","art museum artist painting work show collection gallery exhibition works",0.2
"foreclosure mortgage loan lender home bank homeowner housing state borrower","game state team season bowl big coach newton michigan auburn",0
"foreclosure mortgage loan lender home bank homeowner housing state borrower","song music album band rock show pop record singer sound",0.2
"foreclosure mortgage loan lender home bank homeowner housing state borrower","hotel park restaurant town city place day street com night",1
"foreclosure mortgage loan lender home bank homeowner housing state borrower","child parent kid family say age old get young mother",0.43
"foreclosure mortgage loan lender home bank homeowner housing state borrower","news show fox cnn king television nbc host medium channel",0.2
"food weight eat exercise say diet eating fat health meal","oil spill drilling gulf industry offshore bp company water environmental",0.2
"food weight eat exercise say diet eating fat health meal","bank banks financial billion government loan money credit banking crisis",0
"food weight eat exercise say diet eating fat health meal","election vote voter candidate ballot party state voting president miller",0
"food weight eat exercise say diet eating fat health meal","health care state insurance plan program law insurer costs percent",1.5
"food weight eat exercise say diet eating fat health meal","french german france germany paris sarkozy european berlin europe union",0.4
"food weight eat exercise say diet eating fat health meal","cup minutes salt add cook make heat oil pepper tablespoon",1.6
"food weight eat exercise say diet eating fat health meal","state district census republican seats population democrat percent congressional black",0
"food weight eat exercise say diet eating fat health meal","research study cell researcher brain university scientist disease science alzheimer",1
"food weight eat exercise say diet eating fat health meal","court justice law supreme kagan right decision case amendment wrote",0
"food weight eat exercise say diet eating fat health meal","muslim mosque center jewish american islamic religious islam jew group",0.4
"food weight eat exercise say diet eating fat health meal","patient doctor medical hospital dr pain treatment marijuana drug surgery",2
"food weight eat exercise say diet eating fat health meal","mexico drug border mexican state gang city police official cartel",0
"food weight eat exercise say diet eating fat health meal","fed rates policy inflation reserve economy bernanke interest federal term",0
"food weight eat exercise say diet eating fat health meal","energy plant gas company power nuclear coal fuel state solar",0
"food weight eat exercise say diet eating fat health meal","school teacher education student state district test charter public system",0.6
"food weight eat exercise say diet eating fat health meal","india indian government delhi party country political state minister singh",0.4
"food weight eat exercise say diet eating fat health meal","party government minister britain prime british political cameron conservative election",0
"food weight eat exercise say diet eating fat health meal","obama president white house clinton washington barack administration adviser emanuel",0
"food weight eat exercise say diet eating fat health meal","drug cancer study woman disease risk patient fda percent health",1.6
"food weight eat exercise say diet eating fat health meal","market percent trade currency price economy stock global united export",0
"food weight eat exercise say diet eating fat health meal","north korea south korean kim seoul state military official china",0
"food weight eat exercise say diet eating fat health meal","israel iran israeli palestinian state nuclear gaza united official turkey",0
"food weight eat exercise say diet eating fat health meal","republican house senate democrat bill obama congress vote sen president",0.2
"bank banks financial billion government loan money credit banking crisis","life woman family say home man friend know wife mother",0
"bank banks financial billion government loan money credit banking crisis","baseball yankee team player league game season manager mets fan",0.2
"bank banks financial billion government loan money credit banking crisis","fashion look store designer woman dress wear style man shirt",0.17
"bank banks financial billion government loan money credit banking crisis","wine drink beer bottle coffee glass flavor alcohol make cocktail",0
"bank banks financial billion government loan money credit banking crisis","city building project million construction center square plan community york",1.6
"bank banks financial billion government loan money credit banking crisis","magazine news editor medium newspaper article times reader reporter post",0.67
"bank banks financial billion government loan money credit banking crisis","colorado big conference pac coach football texas state hawkins school",0.2
"bank banks financial billion government loan money credit banking crisis","water storm area weather rain river fire high air wind",0
"bank banks financial billion government loan money credit banking crisis","plant garden seed crop farmer tree farm flower grow soil",0
"bank banks financial billion government loan money credit banking crisis","show series season tv television episode producer network star comedy",0
"bank banks financial billion government loan money credit banking crisis","race horse racing win run team marathon won mile sport",0
"bank banks financial billion government loan money credit banking crisis","football player coach sport school team college high game athlete",0.2
"bank banks financial billion government loan money credit banking crisis","theater music play broadway production opera musical performance york orchestra",0.4
"bank banks financial billion government loan money credit banking crisis","company percent million billion business sales share executive deal price",2.71
"bank banks financial billion government loan money credit banking crisis","dance ballet dancer company theater swan work performance dancing cuban",0
"bank banks financial billion government loan money credit banking crisis","film movie character story director man star actor make directed",0.17
"bank banks financial billion government loan money credit banking crisis","bucs morris game play freeman team yard get season williams",0
"bank banks financial billion government loan money credit banking crisis","world cup team soccer player game south africa match sport",0
"bank banks financial billion government loan money credit banking crisis","book novel story life author page writer writes reader read",0
"bank banks financial billion government loan money credit banking crisis","afghan taliban afghanistan soldier official force killed attack american military",0
"bank banks financial billion government loan money credit banking crisis","art museum artist painting work show collection gallery exhibition works",0.2
"bank banks financial billion government loan money credit banking crisis","team game nba player james point season knicks celtic lakers",0.17
"bank banks financial billion government loan money credit banking crisis","game state team season bowl big coach newton michigan auburn",0
"bank banks financial billion government loan money credit banking crisis","song music album band rock show pop record singer sound",0.2
"bank banks financial billion government loan money credit banking crisis","church catholic abuse bishop priest vatican pope sexual case benedict",0
"bank banks financial billion government loan money credit banking crisis","hotel park restaurant town city place day street com night",0.6
"bank banks financial billion government loan money credit banking crisis","child parent kid family say age old get young mother",0.2
"bank banks financial billion government loan money credit banking crisis","news show fox cnn king television nbc host medium channel",0.2
"bank banks financial billion government loan money credit banking crisis","goldman wall street trading firm financial executive sachs security trader",3.2
"eagle vick game reid philadelphia mcnabb get team kolb quarterback","tax state cut income million business revenue budget money percent",0.2
"eagle vick game reid philadelphia mcnabb get team kolb quarterback","health care state insurance plan program law insurer costs percent",0.2
"eagle vick game reid philadelphia mcnabb get team kolb quarterback","fed rates policy inflation reserve economy bernanke interest federal term",0.2
"election vote voter candidate ballot party state voting president miller","cup minutes salt add cook make heat oil pepper tablespoon",0
"election vote voter candidate ballot party state voting president miller","republican party candidate campaign state governor democratic tea democrat voter",4
"election vote voter candidate ballot party state voting president miller","game ray run season hit series team three pitch get",0
"election vote voter candidate ballot party state voting president miller","fashion look store designer woman dress wear style man shirt",0.4
"election vote voter candidate ballot party state voting president miller","wine drink beer bottle coffee glass flavor alcohol make cocktail",0
"election vote voter candidate ballot party state voting president miller","model wheel car engine drive front system rear speed inch",0
"court case judge lawyer trial prison prosecutor law state federal","cup minutes salt add cook make heat oil pepper tablespoon",0.17
"court case judge lawyer trial prison prosecutor law state federal","life woman family say home man friend know wife mother",0
"court case judge lawyer trial prison prosecutor law state federal","bucs morris game play freeman team yard get season williams",0.2
"court case judge lawyer trial prison prosecutor law state federal","research study cell researcher brain university scientist disease science alzheimer",0.2
"court case judge lawyer trial prison prosecutor law state federal","court justice law supreme kagan right decision case amendment wrote",4.4
"court case judge lawyer trial prison prosecutor law state federal","film movie character story director man star actor make directed",0
"court case judge lawyer trial prison prosecutor law state federal","baseball yankee team player league game season manager mets fan",0
"court case judge lawyer trial prison prosecutor law state federal","game ray run season hit series team three pitch get",0.4
"court case judge lawyer trial prison prosecutor law state federal","goldman wall street trading firm financial executive sachs security trader",1.14
"court case judge lawyer trial prison prosecutor law state federal","health care state insurance plan program law insurer costs percent",1.2
"court case judge lawyer trial prison prosecutor law state federal","child parent kid family say age old get young mother",0.6
"court case judge lawyer trial prison prosecutor law state federal","tax state cut income million business revenue budget money percent",1.29
"court case judge lawyer trial prison prosecutor law state federal","company case million investigation lawsuit lawyer federal attorney filed claim",2.83
"court case judge lawyer trial prison prosecutor law state federal","fund investment investor money funds security pension million firm bond",0
"job work worker long unemployment problem even benefit term unemployed","percent job economy report rate growth month economic recession unemployment",4
"job work worker long unemployment problem even benefit term unemployed","obama president american bush government cut deficit even america economy",2
"job work worker long unemployment problem even benefit term unemployed","tax state cut income million business revenue budget money percent",2.4
"job work worker long unemployment problem even benefit term unemployed","health care state insurance plan program law insurer costs percent",1.2
"job work worker long unemployment problem even benefit term unemployed","fed rates policy inflation reserve economy bernanke interest federal term",1.6
"fashion look store designer woman dress wear style man shirt","market percent trade currency price economy stock global united export",0
"fashion look store designer woman dress wear style man shirt","worker job union work employee labor company pay factory many",0.2
"fashion look store designer woman dress wear style man shirt","israel iran israeli palestinian state nuclear gaza united official turkey",0.4
"fashion look store designer woman dress wear style man shirt","school teacher education student state district test charter public system",0.2
"fashion look store designer woman dress wear style man shirt","state district census republican seats population democrat percent congressional black",0.2
"fashion look store designer woman dress wear style man shirt","republican party candidate campaign state governor democratic tea democrat voter",0
"fashion look store designer woman dress wear style man shirt","court justice law supreme kagan right decision case amendment wrote",0
"fashion look store designer woman dress wear style man shirt","obama president white house clinton washington barack administration adviser emanuel",0.4
"fashion look store designer woman dress wear style man shirt","company percent million billion business sales share executive deal price",1.2
"fashion look store designer woman dress wear style man shirt","muslim mosque center jewish american islamic religious islam jew group",0.6
"fashion look store designer woman dress wear style man shirt","iraq al iraqi government baghdad american maliki political country shiite",0.2
"fashion look store designer woman dress wear style man shirt","republican house senate democrat bill obama congress vote sen president",0.2
"fashion look store designer woman dress wear style man shirt","health care state insurance plan program law insurer costs percent",0.4
"fashion look store designer woman dress wear style man shirt","obama president american bush government cut deficit even america economy",0
"fashion look store designer woman dress wear style man shirt","party government minister britain prime british political cameron conservative election",0.2
"fashion look store designer woman dress wear style man shirt","goldman wall street trading firm financial executive sachs security trader",0
"fashion look store designer woman dress wear style man shirt","company case million investigation lawsuit lawyer federal attorney filed claim",1.4
"fashion look store designer woman dress wear style man shirt","fed rates policy inflation reserve economy bernanke interest federal term",0
"fashion look store designer woman dress wear style man shirt","fund investment investor money funds security pension million firm bond",0.6
"wine drink beer bottle coffee glass flavor alcohol make cocktail","lobbyist rule agency financial former lobbying group industry government federal",0
"wine drink beer bottle coffee glass flavor alcohol make cocktail","iraq al iraqi government baghdad american maliki political country shiite",0.2
"wine drink beer bottle coffee glass flavor alcohol make cocktail","health care state insurance plan program law insurer costs percent",1
"wine drink beer bottle coffee glass flavor alcohol make cocktail","french german france germany paris sarkozy european berlin europe union",0.2
"wine drink beer bottle coffee glass flavor alcohol make cocktail","china chinese beijing government japan state official country united rare",0
"wine drink beer bottle coffee glass flavor alcohol make cocktail","tax state cut income million business revenue budget money percent",0
"wine drink beer bottle coffee glass flavor alcohol make cocktail","kurdish iraq region government iran party kurd border kurdistan official",0.2
"wine drink beer bottle coffee glass flavor alcohol make cocktail","cup minutes salt add cook make heat oil pepper tablespoon",0.8
"wine drink beer bottle coffee glass flavor alcohol make cocktail","plant garden seed crop farmer tree farm flower grow soil",0
"wine drink beer bottle coffee glass flavor alcohol make cocktail","court justice law supreme kagan right decision case amendment wrote",0
"wine drink beer bottle coffee glass flavor alcohol make cocktail","company percent million billion business sales share executive deal price",0.6
"wine drink beer bottle coffee glass flavor alcohol make cocktail","company case million investigation lawsuit lawyer federal attorney filed claim",0.2
"wine drink beer bottle coffee glass flavor alcohol make cocktail","fed rates policy inflation reserve economy bernanke interest federal term",0
"wine drink beer bottle coffee glass flavor alcohol make cocktail","energy plant gas company power nuclear coal fuel state solar",0
"wine drink beer bottle coffee glass flavor alcohol make cocktail","republican party candidate campaign state governor democratic tea democrat voter",0
"wine drink beer bottle coffee glass flavor alcohol make cocktail","gm billion company stock government offering share motor treasury public",0.2
"wine drink beer bottle coffee glass flavor alcohol make cocktail","drug cancer study woman disease risk patient fda percent health",0.6
"wine drink beer bottle coffee glass flavor alcohol make cocktail","market percent trade currency price economy stock global united export",0.6
"wine drink beer bottle coffee glass flavor alcohol make cocktail","mexico drug border mexican state gang city police official cartel",0.6
"wine drink beer bottle coffee glass flavor alcohol make cocktail","republican house senate democrat bill obama congress vote sen president",0
"wine drink beer bottle coffee glass flavor alcohol make cocktail","goldman wall street trading firm financial executive sachs security trader",0.2
"facebook site social twitter online company user internet say friend","cup minutes salt add cook make heat oil pepper tablespoon",0
"facebook site social twitter online company user internet say friend","game ray run season hit series team three pitch get",0.2
"facebook site social twitter online company user internet say friend","obama president american bush government cut deficit even america economy",0.67
"facebook site social twitter online company user internet say friend","child parent kid family say age old get young mother",0.83
"facebook site social twitter online company user internet say friend","fund investment investor money funds security pension million firm bond",0.17
"french german france germany paris sarkozy european berlin europe union","cup minutes salt add cook make heat oil pepper tablespoon",0.6
"french german france germany paris sarkozy european berlin europe union","film movie character story director man star actor make directed",0
"french german france germany paris sarkozy european berlin europe union","art museum artist painting work show collection gallery exhibition works",0.6
"french german france germany paris sarkozy european berlin europe union","team game nba player james point season knicks celtic lakers",0.2
"french german france germany paris sarkozy european berlin europe union","baseball yankee team player league game season manager mets fan",0.2
"french german france germany paris sarkozy european berlin europe union","game ray run season hit series team three pitch get",0.2
"french german france germany paris sarkozy european berlin europe union","bucs morris game play freeman team yard get season williams",0.2
"french german france germany paris sarkozy european berlin europe union","theater music play broadway production opera musical performance york orchestra",0.2
"french german france germany paris sarkozy european berlin europe union","tax state cut income million business revenue budget money percent",0.4
"re going get go want us know way much three","football player coach sport school team college high game athlete",0
"still member say country much day world another long month","business month according say many recent among real home whether",0.8
"tax state cut income million business revenue budget money percent","life woman family say home man friend know wife mother",0.2
"tax state cut income million business revenue budget money percent","baseball yankee team player league game season manager mets fan",0
"tax state cut income million business revenue budget money percent","team game nba player james point season knicks celtic lakers",0
"tax state cut income million business revenue budget money percent","colombia venezuela chavez latin peru president country spanish american colombian",0.8
"tax state cut income million business revenue budget money percent","somalia government somali pirate shabab kenya group uganda official attack",1.33
"tax state cut income million business revenue budget money percent","city building project million construction center square plan community york",1.6
"tax state cut income million business revenue budget money percent","colorado big conference pac coach football texas state hawkins school",0.4
"tax state cut income million business revenue budget money percent","williams open match tennis player federer nadal set court wimbledon",0
"tax state cut income million business revenue budget money percent","water storm area weather rain river fire high air wind",0.2
"tax state cut income million business revenue budget money percent","plant garden seed crop farmer tree farm flower grow soil",0.2
"tax state cut income million business revenue budget money percent","show series season tv television episode producer network star comedy",0
"tax state cut income million business revenue budget money percent","race horse racing win run team marathon won mile sport",0
"tax state cut income million business revenue budget money percent","football player coach sport school team college high game athlete",0
"tax state cut income million business revenue budget money percent","plane air flight pilot engine aircraft airline boeing jet crash",0.6
"tax state cut income million business revenue budget money percent","patient doctor medical hospital dr pain treatment marijuana drug surgery",0.2
"tax state cut income million business revenue budget money percent","theater music play broadway production opera musical performance york orchestra",0.4
"tax state cut income million business revenue budget money percent","scientist species found ago animal university fossil humans science human",0.6
"tax state cut income million business revenue budget money percent","line power rail system transit bus utility subway smart meter",0.6
"tax state cut income million business revenue budget money percent","game camera video technology robot microsoft system computer software use",0.2
"tax state cut income million business revenue budget money percent","film movie character story director man star actor make directed",0
"tax state cut income million business revenue budget money percent","ray particle matter physicist physics experiment king dark universe accelerator",0
"tax state cut income million business revenue budget money percent","bucs morris game play freeman team yard get season williams",0.2
"tax state cut income million business revenue budget money percent","japan state united even still many nation world economy american",1.8
"tax state cut income million business revenue budget money percent","police officer man city crime department official gun shooting arrested",0.8
"tax state cut income million business revenue budget money percent","brazil world american cup bradley team goal state brazilian player",0.17
"tax state cut income million business revenue budget money percent","obama president american bush government cut deficit even america economy",2
"tax state cut income million business revenue budget money percent","world cup team soccer player game south africa match sport",0
"tax state cut income million business revenue budget money percent","game army dame team notre play field yard kelly back",0
"tax state cut income million business revenue budget money percent","fight boxing fighter pacquiao knife roach margarito mayweather man boxer",0
"tax state cut income million business revenue budget money percent","report rwanda congo government genocide nation united rwandan official rebel",0
"tax state cut income million business revenue budget money percent","art museum artist painting work show collection gallery exhibition works",0.17
"tax state cut income million business revenue budget money percent","dance ballet dancer company theater swan work performance dancing cuban",0.2
"tax state cut income million business revenue budget money percent","game state team season bowl big coach newton michigan auburn",0.43
"tax state cut income million business revenue budget money percent","song music album band rock show pop record singer sound",0
"tax state cut income million business revenue budget money percent","hotel park restaurant town city place day street com night",0.8
"tax state cut income million business revenue budget money percent","child parent kid family say age old get young mother",0.2
"tax state cut income million business revenue budget money percent","republican house senate democrat bill obama congress vote sen president",2.2
"kurdish iraq region government iran party kurd border kurdistan official","cup minutes salt add cook make heat oil pepper tablespoon",0
"city building project million construction center square plan community york","goldman wall street trading firm financial executive sachs security trader",2.8
"city building project million construction center square plan community york","baseball yankee team player league game season manager mets fan",0.4
"city building project million construction center square plan community york","school teacher education student state district test charter public system",1.57
"city building project million construction center square plan community york","art museum artist painting work show collection gallery exhibition works",1
"city building project million construction center square plan community york","hotel park restaurant town city place day street com night",1
"city building project million construction center square plan community york","team game nba player james point season knicks celtic lakers",0.2
"city building project million construction center square plan community york","muslim mosque center jewish american islamic religious islam jew group",0.71
"city building project million construction center square plan community york","theater music play broadway production opera musical performance york orchestra",1
"city building project million construction center square plan community york","home price sales percent market buyer housing estate real property",2
"city building project million construction center square plan community york","fund investment investor money funds security pension million firm bond",1.43
"magazine news editor medium newspaper article times reader reporter post","cup minutes salt add cook make heat oil pepper tablespoon",0
"magazine news editor medium newspaper article times reader reporter post","game ray run season hit series team three pitch get",0.2
"magazine news editor medium newspaper article times reader reporter post","obama president american bush government cut deficit even america economy",0.4
"magazine news editor medium newspaper article times reader reporter post","health care state insurance plan program law insurer costs percent",0.4
"magazine news editor medium newspaper article times reader reporter post","fed rates policy inflation reserve economy bernanke interest federal term",0.4
"magazine news editor medium newspaper article times reader reporter post","fund investment investor money funds security pension million firm bond",0
"cup minutes salt add cook make heat oil pepper tablespoon","iraq al iraqi government baghdad american maliki political country shiite",0.14
"cup minutes salt add cook make heat oil pepper tablespoon","russia russian moscow soviet putin spy state official medvedev united",0
"cup minutes salt add cook make heat oil pepper tablespoon","china chinese beijing government japan state official country united rare",0.2
"cup minutes salt add cook make heat oil pepper tablespoon","somalia government somali pirate shabab kenya group uganda official attack",0
"cup minutes salt add cook make heat oil pepper tablespoon","worker job union work employee labor company pay factory many",0.2
"cup minutes salt add cook make heat oil pepper tablespoon","water storm area weather rain river fire high air wind",0.2
"cup minutes salt add cook make heat oil pepper tablespoon","state district census republican seats population democrat percent congressional black",0
"cup minutes salt add cook make heat oil pepper tablespoon","court justice law supreme kagan right decision case amendment wrote",0.4
"cup minutes salt add cook make heat oil pepper tablespoon","colombia venezuela chavez latin peru president country spanish american colombian",0
"cup minutes salt add cook make heat oil pepper tablespoon","mr kennedy healy globe died byrd robert washington boston family",0
"cup minutes salt add cook make heat oil pepper tablespoon","muslim mosque center jewish american islamic religious islam jew group",0.2
"cup minutes salt add cook make heat oil pepper tablespoon","plane air flight pilot engine aircraft airline boeing jet crash",0
"cup minutes salt add cook make heat oil pepper tablespoon","company case million investigation lawsuit lawyer federal attorney filed claim",0
"cup minutes salt add cook make heat oil pepper tablespoon","energy plant gas company power nuclear coal fuel state solar",0
"cup minutes salt add cook make heat oil pepper tablespoon","bp company safety oil rig well spill explosion horizon transocean",0.2
"cup minutes salt add cook make heat oil pepper tablespoon","india indian government delhi party country political state minister singh",0
"cup minutes salt add cook make heat oil pepper tablespoon","party government minister britain prime british political cameron conservative election",0
"cup minutes salt add cook make heat oil pepper tablespoon","republican party candidate campaign state governor democratic tea democrat voter",0
"cup minutes salt add cook make heat oil pepper tablespoon","police officer man city crime department official gun shooting arrested",0
"cup minutes salt add cook make heat oil pepper tablespoon","gm billion company stock government offering share motor treasury public",0
"cup minutes salt add cook make heat oil pepper tablespoon","obama president white house clinton washington barack administration adviser emanuel",0
"cup minutes salt add cook make heat oil pepper tablespoon","afghan taliban afghanistan soldier official force killed attack american military",0
"cup minutes salt add cook make heat oil pepper tablespoon","north korea south korean kim seoul state military official china",0
"cup minutes salt add cook make heat oil pepper tablespoon","internet company datum service network wireless fcc verizon customer commission",0.2
"cup minutes salt add cook make heat oil pepper tablespoon","report rwanda congo government genocide nation united rwandan official rebel",0
"cup minutes salt add cook make heat oil pepper tablespoon","israel iran israeli palestinian state nuclear gaza united official turkey",0
"cup minutes salt add cook make heat oil pepper tablespoon","mexico drug border mexican state gang city police official cartel",0
"cup minutes salt add cook make heat oil pepper tablespoon","church catholic abuse bishop priest vatican pope sexual case benedict",0
"cup minutes salt add cook make heat oil pepper tablespoon","news show fox cnn king television nbc host medium channel",0
"cup minutes salt add cook make heat oil pepper tablespoon","republican house senate democrat bill obama congress vote sen president",0.2
"williams open match tennis player federer nadal set court wimbledon","energy plant gas company power nuclear coal fuel state solar",0.2
"williams open match tennis player federer nadal set court wimbledon","world cup team soccer player game south africa match sport",2
"williams open match tennis player federer nadal set court wimbledon","health care state insurance plan program law insurer costs percent",0
"williams open match tennis player federer nadal set court wimbledon","fed rates policy inflation reserve economy bernanke interest federal term",0
"williams open match tennis player federer nadal set court wimbledon","fund investment investor money funds security pension million firm bond",0
"worker job union work employee labor company pay factory many","baseball yankee team player league game season manager mets fan",0.2
"worker job union work employee labor company pay factory many","life woman family say home man friend know wife mother",1.6
"worker job union work employee labor company pay factory many","bucs morris game play freeman team yard get season williams",0.2
"worker job union work employee labor company pay factory many","theater music play broadway production opera musical performance york orchestra",0
"worker job union work employee labor company pay factory many","team game nba player james point season knicks celtic lakers",0
"worker job union work employee labor company pay factory many","game ray run season hit series team three pitch get",0
"worker job union work employee labor company pay factory many","race horse racing win run team marathon won mile sport",0
"worker job union work employee labor company pay factory many","football player coach sport school team college high game athlete",0.4
"worker job union work employee labor company pay factory many","obama president american bush government cut deficit even america economy",1.71
"worker job union work employee labor company pay factory many","child parent kid family say age old get young mother",0.4
"worker job union work employee labor company pay factory many","percent job economy report rate growth month economic recession unemployment",2.8
"worker job union work employee labor company pay factory many","school teacher education student state district test charter public system",2
"plant garden seed crop farmer tree farm flower grow soil","market percent trade currency price economy stock global united export",0.4
"plant garden seed crop farmer tree farm flower grow soil","goldman wall street trading firm financial executive sachs security trader",0
"plant garden seed crop farmer tree farm flower grow soil","water storm area weather rain river fire high air wind",0.6
"plant garden seed crop farmer tree farm flower grow soil","court justice law supreme kagan right decision case amendment wrote",0.2
"plant garden seed crop farmer tree farm flower grow soil","health care state insurance plan program law insurer costs percent",0.2
"plant garden seed crop farmer tree farm flower grow soil","fed rates policy inflation reserve economy bernanke interest federal term",0.4
"state district census republican seats population democrat percent congressional black","child parent kid family say age old get young mother",1.2
"state district census republican seats population democrat percent congressional black","percent job economy report rate growth month economic recession unemployment",2.4
"state district census republican seats population democrat percent congressional black","model wheel car engine drive front system rear speed inch",0
"son season series show life man club character make get","child parent kid family say age old get young mother",1
"court justice law supreme kagan right decision case amendment wrote","film movie character story director man star actor make directed",0.2
"court justice law supreme kagan right decision case amendment wrote","art museum artist painting work show collection gallery exhibition works",0.2
"court justice law supreme kagan right decision case amendment wrote","research study cell researcher brain university scientist disease science alzheimer",0
"court justice law supreme kagan right decision case amendment wrote","song music album band rock show pop record singer sound",0
"court justice law supreme kagan right decision case amendment wrote","health care state insurance plan program law insurer costs percent",1.2
"court justice law supreme kagan right decision case amendment wrote","game camera video technology robot microsoft system computer software use",0.4
"court justice law supreme kagan right decision case amendment wrote","book novel story life author page writer writes reader read",0.8
"court justice law supreme kagan right decision case amendment wrote","company percent million billion business sales share executive deal price",0.8
"court justice law supreme kagan right decision case amendment wrote","theater music play broadway production opera musical performance york orchestra",0
"court justice law supreme kagan right decision case amendment wrote","model wheel car engine drive front system rear speed inch",0
"court justice law supreme kagan right decision case amendment wrote","marshall south state chief ever africa way another know words",0.6
"show series season tv television episode producer network star comedy","market percent trade currency price economy stock global united export",0.17
"show series season tv television episode producer network star comedy","energy plant gas company power nuclear coal fuel state solar",0.2
"show series season tv television episode producer network star comedy","film movie character story director man star actor make directed",4
"show series season tv television episode producer network star comedy","obama president american bush government cut deficit even america economy",0
"show series season tv television episode producer network star comedy","health care state insurance plan program law insurer costs percent",0
"show series season tv television episode producer network star comedy","news show fox cnn king television nbc host medium channel",3.6
"show series season tv television episode producer network star comedy","republican house senate democrat bill obama congress vote sen president",0.2
"show series season tv television episode producer network star comedy","fed rates policy inflation reserve economy bernanke interest federal term",0.2
"show series season tv television episode producer network star comedy","fund investment investor money funds security pension million firm bond",0.8
"race horse racing win run team marathon won mile sport","oil spill drilling gulf industry offshore bp company water environmental",0
"race horse racing win run team marathon won mile sport","iraq al iraqi government baghdad american maliki political country shiite",0
"race horse racing win run team marathon won mile sport","bucs morris game play freeman team yard get season williams",0.2
"race horse racing win run team marathon won mile sport","health care state insurance plan program law insurer costs percent",0
"race horse racing win run team marathon won mile sport","china chinese beijing government japan state official country united rare",0.2
"race horse racing win run team marathon won mile sport","drug cancer study woman disease risk patient fda percent health",0.2
"race horse racing win run team marathon won mile sport","plane air flight pilot engine aircraft airline boeing jet crash",0
"race horse racing win run team marathon won mile sport","percent job economy report rate growth month economic recession unemployment",0.2
"race horse racing win run team marathon won mile sport","mexico drug border mexican state gang city police official cartel",0
"race horse racing win run team marathon won mile sport","fed rates policy inflation reserve economy bernanke interest federal term",0
"race horse racing win run team marathon won mile sport","energy plant gas company power nuclear coal fuel state solar",0
"race horse racing win run team marathon won mile sport","bp company safety oil rig well spill explosion horizon transocean",0.2
"race horse racing win run team marathon won mile sport","party government minister britain prime british political cameron conservative election",0.2
"race horse racing win run team marathon won mile sport","gm billion company stock government offering share motor treasury public",0
"race horse racing win run team marathon won mile sport","world cup team soccer player game south africa match sport",2.4
"race horse racing win run team marathon won mile sport","car vehicle toyota electric driver motor battery safety driving volt",0.4
"race horse racing win run team marathon won mile sport","market percent trade currency price economy stock global united export",0.2
"race horse racing win run team marathon won mile sport","goldman wall street trading firm financial executive sachs security trader",0.4
"race horse racing win run team marathon won mile sport","fund investment investor money funds security pension million firm bond",0
"football player coach sport school team college high game athlete","oil spill drilling gulf industry offshore bp company water environmental",0
"football player coach sport school team college high game athlete","iraq al iraqi government baghdad american maliki political country shiite",0.17
"football player coach sport school team college high game athlete","china chinese beijing government japan state official country united rare",0.2
"football player coach sport school team college high game athlete","health care state insurance plan program law insurer costs percent",0.2
"football player coach sport school team college high game athlete","school teacher education student state district test charter public system",2
"football player coach sport school team college high game athlete","research study cell researcher brain university scientist disease science alzheimer",0
"football player coach sport school team college high game athlete","drug cancer study woman disease risk patient fda percent health",0
"football player coach sport school team college high game athlete","patient doctor medical hospital dr pain treatment marijuana drug surgery",0
"football player coach sport school team college high game athlete","percent job economy report rate growth month economic recession unemployment",0.2
"football player coach sport school team college high game athlete","company case million investigation lawsuit lawyer federal attorney filed claim",0.5
"football player coach sport school team college high game athlete","fed rates policy inflation reserve economy bernanke interest federal term",0
"football player coach sport school team college high game athlete","energy plant gas company power nuclear coal fuel state solar",0.2
"football player coach sport school team college high game athlete","bp company safety oil rig well spill explosion horizon transocean",0
"football player coach sport school team college high game athlete","india indian government delhi party country political state minister singh",0
"football player coach sport school team college high game athlete","gm billion company stock government offering share motor treasury public",0
"football player coach sport school team college high game athlete","market percent trade currency price economy stock global united export",0.4
"football player coach sport school team college high game athlete","north korea south korean kim seoul state military official china",0.2
"football player coach sport school team college high game athlete","israel iran israeli palestinian state nuclear gaza united official turkey",0
"football player coach sport school team college high game athlete","game state team season bowl big coach newton michigan auburn",2.6
"football player coach sport school team college high game athlete","goldman wall street trading firm financial executive sachs security trader",0
"football player coach sport school team college high game athlete","fund investment investor money funds security pension million firm bond",0.2
"game ray run season hit series team three pitch get","drug cancer study woman disease risk patient fda percent health",0.2
"game ray run season hit series team three pitch get","official military pakistan afghanistan war american united state pakistani obama",0
"game ray run season hit series team three pitch get","iraq al iraqi government baghdad american maliki political country shiite",0
"game ray run season hit series team three pitch get","baseball yankee team player league game season manager mets fan",3.6
"game ray run season hit series team three pitch get","china chinese beijing government japan state official country united rare",0.2
"game ray run season hit series team three pitch get","somalia government somali pirate shabab kenya group uganda official attack",0
"game ray run season hit series team three pitch get","water storm area weather rain river fire high air wind",0.57
"game ray run season hit series team three pitch get","russia russian moscow soviet putin spy state official medvedev united",0
"game ray run season hit series team three pitch get","chrysler sales vehicle percent car dealer brand automaker fiat auto",0.2
"game ray run season hit series team three pitch get","plane air flight pilot engine aircraft airline boeing jet crash",0
"game ray run season hit series team three pitch get","patient doctor medical hospital dr pain treatment marijuana drug surgery",0
"game ray run season hit series team three pitch get","home price sales percent market buyer housing estate real property",0.4
"game ray run season hit series team three pitch get","company percent million billion business sales share executive deal price",0.6
"game ray run season hit series team three pitch get","company case million investigation lawsuit lawyer federal attorney filed claim",0.2
"game ray run season hit series team three pitch get","energy plant gas company power nuclear coal fuel state solar",0.2
"game ray run season hit series team three pitch get","bp company safety oil rig well spill explosion horizon transocean",0.2
"game ray run season hit series team three pitch get","india indian government delhi party country political state minister singh",0
"game ray run season hit series team three pitch get","party government minister britain prime british political cameron conservative election",0.2
"game ray run season hit series team three pitch get","police officer man city crime department official gun shooting arrested",0
"game ray run season hit series team three pitch get","gm billion company stock government offering share motor treasury public",0.2
"game ray run season hit series team three pitch get","percent job economy report rate growth month economic recession unemployment",0
"game ray run season hit series team three pitch get","car vehicle toyota electric driver motor battery safety driving volt",0.2
"game ray run season hit series team three pitch get","afghan taliban afghanistan soldier official force killed attack american military",0
"game ray run season hit series team three pitch get","market percent trade currency price economy stock global united export",0
"game ray run season hit series team three pitch get","north korea south korean kim seoul state military official china",0.4
"game ray run season hit series team three pitch get","internet company datum service network wireless fcc verizon customer commission",0.14
"game ray run season hit series team three pitch get","report rwanda congo government genocide nation united rwandan official rebel",0
"game ray run season hit series team three pitch get","israel iran israeli palestinian state nuclear gaza united official turkey",0
"game ray run season hit series team three pitch get","mexico drug border mexican state gang city police official cartel",0.2
"game ray run season hit series team three pitch get","news show fox cnn king television nbc host medium channel",0.2
"muslim mosque center jewish american islamic religious islam jew group","christian god religion religious american faith yoga life church bible",2.2
"muslim mosque center jewish american islamic religious islam jew group","israel iran israeli palestinian state nuclear gaza united official turkey",2.43
"muslim mosque center jewish american islamic religious islam jew group","bucs morris game play freeman team yard get season williams",0.2
"muslim mosque center jewish american islamic religious islam jew group","child parent kid family say age old get young mother",0
"muslim mosque center jewish american islamic religious islam jew group","model wheel car engine drive front system rear speed inch",0
"muslim mosque center jewish american islamic religious islam jew group","fund investment investor money funds security pension million firm bond",0
"plane air flight pilot engine aircraft airline boeing jet crash","model wheel car engine drive front system rear speed inch",1
"plane air flight pilot engine aircraft airline boeing jet crash","fed rates policy inflation reserve economy bernanke interest federal term",0
"patient doctor medical hospital dr pain treatment marijuana drug surgery","life woman family say home man friend know wife mother",0.4
"patient doctor medical hospital dr pain treatment marijuana drug surgery","drug cancer study woman disease risk patient fda percent health",2.8
"patient doctor medical hospital dr pain treatment marijuana drug surgery","research study cell researcher brain university scientist disease science alzheimer",2.8
"patient doctor medical hospital dr pain treatment marijuana drug surgery","health care state insurance plan program law insurer costs percent",2.6
"patient doctor medical hospital dr pain treatment marijuana drug surgery","child parent kid family say age old get young mother",1
"patient doctor medical hospital dr pain treatment marijuana drug surgery","fed rates policy inflation reserve economy bernanke interest federal term",1.33
"company percent million billion business sales share executive deal price","bp company safety oil rig well spill explosion horizon transocean",1.57
"company percent million billion business sales share executive deal price","team game nba player james point season knicks celtic lakers",0.2
"company percent million billion business sales share executive deal price","song music album band rock show pop record singer sound",1.14
"company percent million billion business sales share executive deal price","baseball yankee team player league game season manager mets fan",1.14
"line power rail system transit bus utility subway smart meter","bp company safety oil rig well spill explosion horizon transocean",0.6
"company case million investigation lawsuit lawyer federal attorney filed claim","baseball yankee team player league game season manager mets fan",0.2
"company case million investigation lawsuit lawyer federal attorney filed claim","life woman family say home man friend know wife mother",0
"company case million investigation lawsuit lawyer federal attorney filed claim","art museum artist painting work show collection gallery exhibition works",0.2
"company case million investigation lawsuit lawyer federal attorney filed claim","team game nba player james point season knicks celtic lakers",0
"company case million investigation lawsuit lawyer federal attorney filed claim","film movie character story director man star actor make directed",1
"company case million investigation lawsuit lawyer federal attorney filed claim","song music album band rock show pop record singer sound",0.2
"company case million investigation lawsuit lawyer federal attorney filed claim","child parent kid family say age old get young mother",0
"company case million investigation lawsuit lawyer federal attorney filed claim","goldman wall street trading firm financial executive sachs security trader",1.2
"company case million investigation lawsuit lawyer federal attorney filed claim","fund investment investor money funds security pension million firm bond",0.8
"fed rates policy inflation reserve economy bernanke interest federal term","life woman family say home man friend know wife mother",0.2
"fed rates policy inflation reserve economy bernanke interest federal term","baseball yankee team player league game season manager mets fan",0.2
"fed rates policy inflation reserve economy bernanke interest federal term","colombia venezuela chavez latin peru president country spanish american colombian",1.2
"fed rates policy inflation reserve economy bernanke interest federal term","somalia government somali pirate shabab kenya group uganda official attack",0.8
"fed rates policy inflation reserve economy bernanke interest federal term","colorado big conference pac coach football texas state hawkins school",0.2
"fed rates policy inflation reserve economy bernanke interest federal term","water storm area weather rain river fire high air wind",0.2
"fed rates policy inflation reserve economy bernanke interest federal term","research study cell researcher brain university scientist disease science alzheimer",0.2
"fed rates policy inflation reserve economy bernanke interest federal term","christian god religion religious american faith yoga life church bible",0
"fed rates policy inflation reserve economy bernanke interest federal term","mr kennedy healy globe died byrd robert washington boston family",0.2
"fed rates policy inflation reserve economy bernanke interest federal term","theater music play broadway production opera musical performance york orchestra",0
"fed rates policy inflation reserve economy bernanke interest federal term","home price sales percent market buyer housing estate real property",2.6
"fed rates policy inflation reserve economy bernanke interest federal term","percent job economy report rate growth month economic recession unemployment",2.4
"fed rates policy inflation reserve economy bernanke interest federal term","scientist species found ago animal university fossil humans science human",0
"fed rates policy inflation reserve economy bernanke interest federal term","mexico drug border mexican state gang city police official cartel",0
"fed rates policy inflation reserve economy bernanke interest federal term","film movie character story director man star actor make directed",0
"fed rates policy inflation reserve economy bernanke interest federal term","bucs morris game play freeman team yard get season williams",0.2
"fed rates policy inflation reserve economy bernanke interest federal term","japan state united even still many nation world economy american",1.8
"fed rates policy inflation reserve economy bernanke interest federal term","obama president white house clinton washington barack administration adviser emanuel",1.33
"fed rates policy inflation reserve economy bernanke interest federal term","obama president american bush government cut deficit even america economy",2.8
"fed rates policy inflation reserve economy bernanke interest federal term","world cup team soccer player game south africa match sport",0.2
"fed rates policy inflation reserve economy bernanke interest federal term","game army dame team notre play field yard kelly back",0.4
"fed rates policy inflation reserve economy bernanke interest federal term","book novel story life author page writer writes reader read",0.4
"fed rates policy inflation reserve economy bernanke interest federal term","fight boxing fighter pacquiao knife roach margarito mayweather man boxer",0
"fed rates policy inflation reserve economy bernanke interest federal term","market percent trade currency price economy stock global united export",3
"fed rates policy inflation reserve economy bernanke interest federal term","report rwanda congo government genocide nation united rwandan official rebel",0.8
"fed rates policy inflation reserve economy bernanke interest federal term","art museum artist painting work show collection gallery exhibition works",0.2
"fed rates policy inflation reserve economy bernanke interest federal term","team game nba player james point season knicks celtic lakers",0.2
"fed rates policy inflation reserve economy bernanke interest federal term","game state team season bowl big coach newton michigan auburn",0.4
"fed rates policy inflation reserve economy bernanke interest federal term","song music album band rock show pop record singer sound",0
"fed rates policy inflation reserve economy bernanke interest federal term","church catholic abuse bishop priest vatican pope sexual case benedict",0.6
"fed rates policy inflation reserve economy bernanke interest federal term","hotel park restaurant town city place day street com night",0.8
"fed rates policy inflation reserve economy bernanke interest federal term","child parent kid family say age old get young mother",0.2
"fed rates policy inflation reserve economy bernanke interest federal term","news show fox cnn king television nbc host medium channel",0.8
"energy plant gas company power nuclear coal fuel state solar","ray particle matter physicist physics experiment king dark universe accelerator",2
"energy plant gas company power nuclear coal fuel state solar","team game nba player james point season knicks celtic lakers",0.2
"energy plant gas company power nuclear coal fuel state solar","russia russian moscow soviet putin spy state official medvedev united",0.2
"energy plant gas company power nuclear coal fuel state solar","natural gas make even made price oil day cost right",3.2
"energy plant gas company power nuclear coal fuel state solar","research study cell researcher brain university scientist disease science alzheimer",0.8
"energy plant gas company power nuclear coal fuel state solar","baseball yankee team player league game season manager mets fan",0.2
"energy plant gas company power nuclear coal fuel state solar","colorado big conference pac coach football texas state hawkins school",0
"energy plant gas company power nuclear coal fuel state solar","song music album band rock show pop record singer sound",0
"energy plant gas company power nuclear coal fuel state solar","hotel park restaurant town city place day street com night",0.4
"energy plant gas company power nuclear coal fuel state solar","game state team season bowl big coach newton michigan auburn",0.2
"energy plant gas company power nuclear coal fuel state solar","car vehicle toyota electric driver motor battery safety driving volt",2
"energy plant gas company power nuclear coal fuel state solar","model wheel car engine drive front system rear speed inch",1
"energy plant gas company power nuclear coal fuel state solar","bucs morris game play freeman team yard get season williams",0
"ray particle matter physicist physics experiment king dark universe accelerator","health care state insurance plan program law insurer costs percent",0.2
"ray particle matter physicist physics experiment king dark universe accelerator","research study cell researcher brain university scientist disease science alzheimer",0.4
"bp company safety oil rig well spill explosion horizon transocean","oil spill drilling gulf industry offshore bp company water environmental",4
"bp company safety oil rig well spill explosion horizon transocean","natural gas make even made price oil day cost right",2
"bp company safety oil rig well spill explosion horizon transocean","bucs morris game play freeman team yard get season williams",0
"japan state united even still many nation world economy american","market percent trade currency price economy stock global united export",1.6
"japan state united even still many nation world economy american","percent job economy report rate growth month economic recession unemployment",2.2
"india indian government delhi party country political state minister singh","market percent trade currency price economy stock global united export",0.4
"india indian government delhi party country political state minister singh","baseball yankee team player league game season manager mets fan",0
"india indian government delhi party country political state minister singh","team game nba player james point season knicks celtic lakers",0
"india indian government delhi party country political state minister singh","bucs morris game play freeman team yard get season williams",0.2
"india indian government delhi party country political state minister singh","child parent kid family say age old get young mother",0.4
"party government minister britain prime british political cameron conservative election","market percent trade currency price economy stock global united export",0.8
"party government minister britain prime british political cameron conservative election","life woman family say home man friend know wife mother",0.33
"party government minister britain prime british political cameron conservative election","team game nba player james point season knicks celtic lakers",0
"party government minister britain prime british political cameron conservative election","film movie character story director man star actor make directed",0.2
"party government minister britain prime british political cameron conservative election","obama president american bush government cut deficit even america economy",2.83
"party government minister britain prime british political cameron conservative election","bucs morris game play freeman team yard get season williams",0
"party government minister britain prime british political cameron conservative election","model wheel car engine drive front system rear speed inch",0
"republican party candidate campaign state governor democratic tea democrat voter","obama president american bush government cut deficit even america economy",3
"republican party candidate campaign state governor democratic tea democrat voter","game camera video technology robot microsoft system computer software use",0
"republican party candidate campaign state governor democratic tea democrat voter","goldman wall street trading firm financial executive sachs security trader",0.6
"republican party candidate campaign state governor democratic tea democrat voter","dance ballet dancer company theater swan work performance dancing cuban",0.17
"republican party candidate campaign state governor democratic tea democrat voter","model wheel car engine drive front system rear speed inch",0
"police officer man city crime department official gun shooting arrested","goldman wall street trading firm financial executive sachs security trader",1
"police officer man city crime department official gun shooting arrested","health care state insurance plan program law insurer costs percent",0
"police officer man city crime department official gun shooting arrested","child parent kid family say age old get young mother",0.2
"police officer man city crime department official gun shooting arrested","percent job economy report rate growth month economic recession unemployment",0.6
"police officer man city crime department official gun shooting arrested","car vehicle toyota electric driver motor battery safety driving volt",0.2
"police officer man city crime department official gun shooting arrested","model wheel car engine drive front system rear speed inch",0.6
"police officer man city crime department official gun shooting arrested","fund investment investor money funds security pension million firm bond",0.4
"gm billion company stock government offering share motor treasury public","obama president white house clinton washington barack administration adviser emanuel",1.4
"gm billion company stock government offering share motor treasury public","film movie character story director man star actor make directed",0.2
"gm billion company stock government offering share motor treasury public","bucs morris game play freeman team yard get season williams",0.2
"gm billion company stock government offering share motor treasury public","team game nba player james point season knicks celtic lakers",0
"gm billion company stock government offering share motor treasury public","song music album band rock show pop record singer sound",0
"gm billion company stock government offering share motor treasury public","chrysler sales vehicle percent car dealer brand automaker fiat auto",2.8
"gm billion company stock government offering share motor treasury public","theater music play broadway production opera musical performance york orchestra",0.2
"gm billion company stock government offering share motor treasury public","car vehicle toyota electric driver motor battery safety driving volt",1.8
"gm billion company stock government offering share motor treasury public","fund investment investor money funds security pension million firm bond",2.2
"brazil world american cup bradley team goal state brazilian player","market percent trade currency price economy stock global united export",0.4
"brazil world american cup bradley team goal state brazilian player","health care state insurance plan program law insurer costs percent",0
"brazil world american cup bradley team goal state brazilian player","world cup team soccer player game south africa match sport",3.67
"obama president white house clinton washington barack administration adviser emanuel","hotel park restaurant town city place day street com night",0.2
"obama president white house clinton washington barack administration adviser emanuel","obama president american bush government cut deficit even america economy",4
"obama president white house clinton washington barack administration adviser emanuel","goldman wall street trading firm financial executive sachs security trader",0
"obama president white house clinton washington barack administration adviser emanuel","model wheel car engine drive front system rear speed inch",0
"family child get even world may home say kind come","child parent kid family say age old get young mother",4.2
"obama president american bush government cut deficit even america economy","oil spill drilling gulf industry offshore bp company water environmental",1
"obama president american bush government cut deficit even america economy","official military pakistan afghanistan war american united state pakistani obama",3.4
"obama president american bush government cut deficit even america economy","iraq al iraqi government baghdad american maliki political country shiite",2.2
"obama president american bush government cut deficit even america economy","life woman family say home man friend know wife mother",0
"obama president american bush government cut deficit even america economy","health care state insurance plan program law insurer costs percent",1.8
"obama president american bush government cut deficit even america economy","research study cell researcher brain university scientist disease science alzheimer",0
"obama president american bush government cut deficit even america economy","christian god religion religious american faith yoga life church bible",0.6
"obama president american bush government cut deficit even america economy","game camera video technology robot microsoft system computer software use",0
"obama president american bush government cut deficit even america economy","percent job economy report rate growth month economic recession unemployment",1.4
"obama president american bush government cut deficit even america economy","film movie character story director man star actor make directed",0.5
"obama president american bush government cut deficit even america economy","chrysler sales vehicle percent car dealer brand automaker fiat auto",1
"obama president american bush government cut deficit even america economy","book novel story life author page writer writes reader read",0.2
"obama president american bush government cut deficit even america economy","car vehicle toyota electric driver motor battery safety driving volt",0.4
"obama president american bush government cut deficit even america economy","market percent trade currency price economy stock global united export",1.67
"obama president american bush government cut deficit even america economy","internet company datum service network wireless fcc verizon customer commission",0.8
"obama president american bush government cut deficit even america economy","art museum artist painting work show collection gallery exhibition works",0.2
"obama president american bush government cut deficit even america economy","song music album band rock show pop record singer sound",0
"obama president american bush government cut deficit even america economy","child parent kid family say age old get young mother",0.6
"obama president american bush government cut deficit even america economy","news show fox cnn king television nbc host medium channel",1
"obama president american bush government cut deficit even america economy","goldman wall street trading firm financial executive sachs security trader",1
"obama president american bush government cut deficit even america economy","model wheel car engine drive front system rear speed inch",0.2
"world cup team soccer player game south africa match sport","market percent trade currency price economy stock global united export",0
"world cup team soccer player game south africa match sport","health care state insurance plan program law insurer costs percent",0.2
"world cup team soccer player game south africa match sport","fund investment investor money funds security pension million firm bond",0.4
"game army dame team notre play field yard kelly back","health care state insurance plan program law insurer costs percent",0.17
"book novel story life author page writer writes reader read","market percent trade currency price economy stock global united export",0.4
"book novel story life author page writer writes reader read","official military pakistan afghanistan war american united state pakistani obama",0.2
"book novel story life author page writer writes reader read","health care state insurance plan program law insurer costs percent",0.4
"book novel story life author page writer writes reader read","research study cell researcher brain university scientist disease science alzheimer",0.8
"book novel story life author page writer writes reader read","republican house senate democrat bill obama congress vote sen president",0.2
"book novel story life author page writer writes reader read","goldman wall street trading firm financial executive sachs security trader",0.4
"book novel story life author page writer writes reader read","fund investment investor money funds security pension million firm bond",0
"fight boxing fighter pacquiao knife roach margarito mayweather man boxer","health care state insurance plan program law insurer costs percent",0.4
"car vehicle toyota electric driver motor battery safety driving volt","natural gas make even made price oil day cost right",0
"car vehicle toyota electric driver motor battery safety driving volt","chrysler sales vehicle percent car dealer brand automaker fiat auto",3.8
"car vehicle toyota electric driver motor battery safety driving volt","model wheel car engine drive front system rear speed inch",2.8
"afghan taliban afghanistan soldier official force killed attack american military","official military pakistan afghanistan war american united state pakistani obama",2.8
"afghan taliban afghanistan soldier official force killed attack american military","life woman family say home man friend know wife mother",1
"market percent trade currency price economy stock global united export","baseball yankee team player league game season manager mets fan",0
"market percent trade currency price economy stock global united export","colombia venezuela chavez latin peru president country spanish american colombian",0.6
"market percent trade currency price economy stock global united export","china chinese beijing government japan state official country united rare",0.8
"market percent trade currency price economy stock global united export","colorado big conference pac coach football texas state hawkins school",0.2
"market percent trade currency price economy stock global united export","water storm area weather rain river fire high air wind",0.2
"market percent trade currency price economy stock global united export","russia russian moscow soviet putin spy state official medvedev united",0.4
"market percent trade currency price economy stock global united export","percent job economy report rate growth month economic recession unemployment",2.67
"market percent trade currency price economy stock global united export","mexico drug border mexican state gang city police official cartel",0.6
"market percent trade currency price economy stock global united export","film movie character story director man star actor make directed",0.2
"market percent trade currency price economy stock global united export","north korea south korean kim seoul state military official china",0.4
"market percent trade currency price economy stock global united export","team game nba player james point season knicks celtic lakers",0.2
"market percent trade currency price economy stock global united export","game state team season bowl big coach newton michigan auburn",0
"market percent trade currency price economy stock global united export","song music album band rock show pop record singer sound",0.4
"market percent trade currency price economy stock global united export","bucs morris game play freeman team yard get season williams",0.2
"market percent trade currency price economy stock global united export","goldman wall street trading firm financial executive sachs security trader",3.2
"market percent trade currency price economy stock global united export","fund investment investor money funds security pension million firm bond",2.8
"north korea south korean kim seoul state military official china","baseball yankee team player league game season manager mets fan",0
"north korea south korean kim seoul state military official china","team game nba player james point season knicks celtic lakers",0
"north korea south korean kim seoul state military official china","game state team season bowl big coach newton michigan auburn",0.2
"north korea south korean kim seoul state military official china","bucs morris game play freeman team yard get season williams",0.2
"north korea south korean kim seoul state military official china","china chinese beijing government japan state official country united rare",3
"internet company datum service network wireless fcc verizon customer commission","republican house senate democrat bill obama congress vote sen president",0.33
"report rwanda congo government genocide nation united rwandan official rebel","child parent kid family say age old get young mother",0.2
"art museum artist painting work show collection gallery exhibition works","goldman wall street trading firm financial executive sachs security trader",0.2
"art museum artist painting work show collection gallery exhibition works","china chinese beijing government japan state official country united rare",0
"art museum artist painting work show collection gallery exhibition works","fund investment investor money funds security pension million firm bond",0.4
"natural gas make even made price oil day cost right","oil spill drilling gulf industry offshore bp company water environmental",3.2
"natural gas make even made price oil day cost right","water storm area weather rain river fire high air wind",0.2
"natural gas make even made price oil day cost right","model wheel car engine drive front system rear speed inch",0.4
"israel iran israeli palestinian state nuclear gaza united official turkey","baseball yankee team player league game season manager mets fan",0.2
"israel iran israeli palestinian state nuclear gaza united official turkey","film movie character story director man star actor make directed",0.2
"israel iran israeli palestinian state nuclear gaza united official turkey","team game nba player james point season knicks celtic lakers",0
"israel iran israeli palestinian state nuclear gaza united official turkey","game state team season bowl big coach newton michigan auburn",0
"israel iran israeli palestinian state nuclear gaza united official turkey","song music album band rock show pop record singer sound",0
"israel iran israeli palestinian state nuclear gaza united official turkey","bucs morris game play freeman team yard get season williams",0
"israel iran israeli palestinian state nuclear gaza united official turkey","theater music play broadway production opera musical performance york orchestra",0
"israel iran israeli palestinian state nuclear gaza united official turkey","dance ballet dancer company theater swan work performance dancing cuban",0.2
"game state team season bowl big coach newton michigan auburn","percent job economy report rate growth month economic recession unemployment",0
"game state team season bowl big coach newton michigan auburn","health care state insurance plan program law insurer costs percent",0.2
"game state team season bowl big coach newton michigan auburn","colorado big conference pac coach football texas state hawkins school",3.4
"game state team season bowl big coach newton michigan auburn","china chinese beijing government japan state official country united rare",0
"game state team season bowl big coach newton michigan auburn","oil spill drilling gulf industry offshore bp company water environmental",0
"game state team season bowl big coach newton michigan auburn","fund investment investor money funds security pension million firm bond",0.4
"song music album band rock show pop record singer sound","oil spill drilling gulf industry offshore bp company water environmental",0
"song music album band rock show pop record singer sound","china chinese beijing government japan state official country united rare",0.4
"song music album band rock show pop record singer sound","health care state insurance plan program law insurer costs percent",0.2
"song music album band rock show pop record singer sound","theater music play broadway production opera musical performance york orchestra",1.6
"song music album band rock show pop record singer sound","fund investment investor money funds security pension million firm bond",0
"song music album band rock show pop record singer sound","republican house senate democrat bill obama congress vote sen president",0
"song music album band rock show pop record singer sound","goldman wall street trading firm financial executive sachs security trader",0
"church catholic abuse bishop priest vatican pope sexual case benedict","christian god religion religious american faith yoga life church bible",3.6
"church catholic abuse bishop priest vatican pope sexual case benedict","health care state insurance plan program law insurer costs percent",0.33
"church catholic abuse bishop priest vatican pope sexual case benedict","child parent kid family say age old get young mother",0.6
"church catholic abuse bishop priest vatican pope sexual case benedict","goldman wall street trading firm financial executive sachs security trader",0.2
"church catholic abuse bishop priest vatican pope sexual case benedict","model wheel car engine drive front system rear speed inch",0.2
"church catholic abuse bishop priest vatican pope sexual case benedict","fund investment investor money funds security pension million firm bond",0
"hotel park restaurant town city place day street com night","goldman wall street trading firm financial executive sachs security trader",0.8
"hotel park restaurant town city place day street com night","china chinese beijing government japan state official country united rare",0.4
"hotel park restaurant town city place day street com night","fund investment investor money funds security pension million firm bond",0.2
"child parent kid family say age old get young mother","health care state insurance plan program law insurer costs percent",0.67
"child parent kid family say age old get young mother","china chinese beijing government japan state official country united rare",0.2
"child parent kid family say age old get young mother","african week country leaders president right child government many human",1
"child parent kid family say age old get young mother","somalia government somali pirate shabab kenya group uganda official attack",0
"child parent kid family say age old get young mother","marshall south state chief ever africa way another know words",0
"child parent kid family say age old get young mother","research study cell researcher brain university scientist disease science alzheimer",1.2
"child parent kid family say age old get young mother","drug cancer study woman disease risk patient fda percent health",1.8
"child parent kid family say age old get young mother","percent job economy report rate growth month economic recession unemployment",0.4
"child parent kid family say age old get young mother","school teacher education student state district test charter public system",1.4
"child parent kid family say age old get young mother","mexico drug border mexican state gang city police official cartel",0
"child parent kid family say age old get young mother","goldman wall street trading firm financial executive sachs security trader",0
"child parent kid family say age old get young mother","fund investment investor money funds security pension million firm bond",0
"news show fox cnn king television nbc host medium channel","health care state insurance plan program law insurer costs percent",0.6
"news show fox cnn king television nbc host medium channel","republican house senate democrat bill obama congress vote sen president",0.2
"republican house senate democrat bill obama congress vote sen president","life woman family say home man friend know wife mother",0.6
"republican house senate democrat bill obama congress vote sen president","theater music play broadway production opera musical performance york orchestra",0
"republican house senate democrat bill obama congress vote sen president","lobbyist rule agency financial former lobbying group industry government federal",1.8
"republican house senate democrat bill obama congress vote sen president","russia russian moscow soviet putin spy state official medvedev united",0.8
"republican house senate democrat bill obama congress vote sen president","film movie character story director man star actor make directed",0
"republican house senate democrat bill obama congress vote sen president","mr kennedy healy globe died byrd robert washington boston family",2.2
"goldman wall street trading firm financial executive sachs security trader","life woman family say home man friend know wife mother",0
"goldman wall street trading firm financial executive sachs security trader","christian god religion religious american faith yoga life church bible",0.2
"goldman wall street trading firm financial executive sachs security trader","theater music play broadway production opera musical performance york orchestra",0
"goldman wall street trading firm financial executive sachs security trader","scientist species found ago animal university fossil humans science human",0
"goldman wall street trading firm financial executive sachs security trader","film movie character story director man star actor make directed",0
"goldman wall street trading firm financial executive sachs security trader","bucs morris game play freeman team yard get season williams",0.4
"goldman wall street trading firm financial executive sachs security trader","fund investment investor money funds security pension million firm bond",2.4
"model wheel car engine drive front system rear speed inch","school teacher education student state district test charter public system",0.2
"model wheel car engine drive front system rear speed inch","chrysler sales vehicle percent car dealer brand automaker fiat auto",2.6
"model wheel car engine drive front system rear speed inch","mexico drug border mexican state gang city police official cartel",0
"fund investment investor money funds security pension million firm bond","life woman family say home man friend know wife mother",0.4
"fund investment investor money funds security pension million firm bond","baseball yankee team player league game season manager mets fan",0.2
"fund investment investor money funds security pension million firm bond","bucs morris game play freeman team yard get season williams",0.2
"fund investment investor money funds security pension million firm bond","colorado big conference pac coach football texas state hawkins school",0
"fund investment investor money funds security pension million firm bond","christian god religion religious american faith yoga life church bible",0
"fund investment investor money funds security pension million firm bond","theater music play broadway production opera musical performance york orchestra",0.2
"fund investment investor money funds security pension million firm bond","dance ballet dancer company theater swan work performance dancing cuban",0
"fund investment investor money funds security pension million firm bond","film movie character story director man star actor make directed",0
"fund investment investor money funds security pension million firm bond","team game nba player james point season knicks celtic lakers",0
"life woman family say home man friend know wife mother","marshall south state chief ever africa way another know words",0
"life woman family say home man friend know wife mother","drug cancer study woman disease risk patient fda percent health",0.6
"life woman family say home man friend know wife mother","percent job economy report rate growth month economic recession unemployment",1
"life woman family say home man friend know wife mother","health care state insurance plan program law insurer costs percent",1.4
"life woman family say home man friend know wife mother","home price sales percent market buyer housing estate real property",0.8
"life woman family say home man friend know wife mother","china chinese beijing government japan state official country united rare",1
"oil spill drilling gulf industry offshore bp company water environmental","research study cell researcher brain university scientist disease science alzheimer",0.8
"oil spill drilling gulf industry offshore bp company water environmental","bucs morris game play freeman team yard get season williams",0
"lobbyist rule agency financial former lobbying group industry government federal","health care state insurance plan program law insurer costs percent",2
"drug cancer study woman disease risk patient fda percent health","baseball yankee team player league game season manager mets fan",0
"drug cancer study woman disease risk patient fda percent health","research study cell researcher brain university scientist disease science alzheimer",2.86
"drug cancer study woman disease risk patient fda percent health","bucs morris game play freeman team yard get season williams",0
"drug cancer study woman disease risk patient fda percent health","health care state insurance plan program law insurer costs percent",2.5
"official military pakistan afghanistan war american united state pakistani obama","film movie character story director man star actor make directed",0
"official military pakistan afghanistan war american united state pakistani obama","bucs morris game play freeman team yard get season williams",0
"iraq al iraqi government baghdad american maliki political country shiite","bucs morris game play freeman team yard get season williams",0
"baseball yankee team player league game season manager mets fan","health care state insurance plan program law insurer costs percent",0
"baseball yankee team player league game season manager mets fan","china chinese beijing government japan state official country united rare",0
"baseball yankee team player league game season manager mets fan","russia russian moscow soviet putin spy state official medvedev united",0
"baseball yankee team player league game season manager mets fan","percent job economy report rate growth month economic recession unemployment",0.2
"baseball yankee team player league game season manager mets fan","mexico drug border mexican state gang city police official cartel",0.2
"team game nba player james point season knicks celtic lakers","percent job economy report rate growth month economic recession unemployment",0
"team game nba player james point season knicks celtic lakers","china chinese beijing government japan state official country united rare",0
"team game nba player james point season knicks celtic lakers","russia russian moscow soviet putin spy state official medvedev united",0
"team game nba player james point season knicks celtic lakers","health care state insurance plan program law insurer costs percent",0
"bucs morris game play freeman team yard get season williams","health care state insurance plan program law insurer costs percent",0
"bucs morris game play freeman team yard get season williams","china chinese beijing government japan state official country united rare",0.2
"bucs morris game play freeman team yard get season williams","russia russian moscow soviet putin spy state official medvedev united",0
"bucs morris game play freeman team yard get season williams","home price sales percent market buyer housing estate real property",0.2
"bucs morris game play freeman team yard get season williams","percent job economy report rate growth month economic recession unemployment",0
"bucs morris game play freeman team yard get season williams","mexico drug border mexican state gang city police official cartel",0.2
"health care state insurance plan program law insurer costs percent","colorado big conference pac coach football texas state hawkins school",0.2
"health care state insurance plan program law insurer costs percent","water storm area weather rain river fire high air wind",0.6
"health care state insurance plan program law insurer costs percent","christian god religion religious american faith yoga life church bible",0
"health care state insurance plan program law insurer costs percent","mr kennedy healy globe died byrd robert washington boston family",0.33
"health care state insurance plan program law insurer costs percent","scientist species found ago animal university fossil humans science human",0.6
"health care state insurance plan program law insurer costs percent","dance ballet dancer company theater swan work performance dancing cuban",0.5
"china chinese beijing government japan state official country united rare","film movie character story director man star actor make directed",0
"china chinese beijing government japan state official country united rare","theater music play broadway production opera musical performance york orchestra",0
"colorado big conference pac coach football texas state hawkins school","school teacher education student state district test charter public system",0.6
"marshall south state chief ever africa way another know words","film movie character story director man star actor make directed",0
"marshall south state chief ever africa way another know words","theater music play broadway production opera musical performance york orchestra",0
"research study cell researcher brain university scientist disease science alzheimer","school teacher education student state district test charter public system",1.8
"research study cell researcher brain university scientist disease science alzheimer","scientist species found ago animal university fossil humans science human",3
"research study cell researcher brain university scientist disease science alzheimer","game camera video technology robot microsoft system computer software use",0.8
"colombia venezuela chavez latin peru president country spanish american colombian","mexico drug border mexican state gang city police official cartel",2
"game camera video technology robot microsoft system computer software use","school teacher education student state district test charter public system",0.4
"theater music play broadway production opera musical performance york orchestra","school teacher education student state district test charter public system",0.2
"theater music play broadway production opera musical performance york orchestra","percent job economy report rate growth month economic recession unemployment",0.4
"theater music play broadway production opera musical performance york orchestra","dance ballet dancer company theater swan work performance dancing cuban",2.8
"home price sales percent market buyer housing estate real property","percent job economy report rate growth month economic recession unemployment",1.8
"percent job economy report rate growth month economic recession unemployment","film movie character story director man star actor make directed",0
"dance ballet dancer company theater swan work performance dancing cuban","school teacher education student state district test charter public system",0.4
