"topic1","topic2","score"
"christmas holiday gift tree santa thanksgiving nutcracker season day say","game season florida yard coach team state play going quarterback",0
"christmas holiday gift tree santa thanksgiving nutcracker season day say","bank financial banks money billion investment investor credit loan funds",0.6
"christmas holiday gift tree santa thanksgiving nutcracker season day say","team game season bronco bucs get play back going week",0
"christmas holiday gift tree santa thanksgiving nutcracker season day say","game yankee ray team season run baseball league series hit",0
"christmas holiday gift tree santa thanksgiving nutcracker season day say","company percent sales million business billion market price store executive",0.8
"christmas holiday gift tree santa thanksgiving nutcracker season day say","anderson long world tom minutes business never life many say",0.2
"school student teacher education college state high class program child","week phone list computer apple use software technology iphone mobile",0.4
"school student teacher education college state high class program child","game season florida yard coach team state play going quarterback",1.6
"school student teacher education college state high class program child","food weight say eat exercise eating body diet get health",0.8
"school student teacher education college state high class program child","state census district population seats republican congressional decade percent political",1.6
"school student teacher education college state high class program child","health care state insurance plan program hospital percent law pay",0.6
"school student teacher education college state high class program child","china worker chinese job union japan labor company factory work",0.4
"school student teacher education college state high class program child","player coach football team sport game league college big season",1.4
"school student teacher education college state high class program child","republican tax obama house bill senate democrat congress cut president",0.2
"school student teacher education college state high class program child","florida scott state crist republican governor campaign sink rubio voter",1
"school student teacher education college state high class program child","drug patient study medical doctor cancer dr disease treatment research",0.2
"school student teacher education college state high class program child","state immigration california law immigrant illegal arizona los angeles border",0.2
"school student teacher education college state high class program child","still neanderthal ago member modern much say country long work",0
"school student teacher education college state high class program child","family child life home mother father son friend day old",1.4
"school student teacher education college state high class program child","city building project york million mayor street center construction community",0.33
"school student teacher education college state high class program child","university harvard college student professor language campus research american president",2.2
"week phone list computer apple use software technology iphone mobile","food weight say eat exercise eating body diet get health",0.2
"week phone list computer apple use software technology iphone mobile","book life story novel author man woman world writer page",0.4
"week phone list computer apple use software technology iphone mobile","say make many business way much still show place long",0.6
"week phone list computer apple use software technology iphone mobile","airport flight travel passenger airline security traveler international plane fee",0
"week phone list computer apple use software technology iphone mobile","google network tv company television news internet cable show medium",2.4
"week phone list computer apple use software technology iphone mobile","facebook site information internet online wikileaks social twitter user website",3
"week phone list computer apple use software technology iphone mobile","car vehicle model toyota driver engine ford electric wheel drive",0.8
"home foreclosure mortgage loan housing lender property homeowner bank say","consumer agency financial rule regulation bill law protection bureau federal",1.4
"home foreclosure mortgage loan housing lender property homeowner bank say","bank financial banks money billion investment investor credit loan funds",2.6
"home foreclosure mortgage loan housing lender property homeowner bank say","storm beach coast boat hurricane weather fish area sea island",1.2
"home foreclosure mortgage loan housing lender property homeowner bank say","court case judge lawyer trial prison prosecutor state law federal",1
"home foreclosure mortgage loan housing lender property homeowner bank say","fed economy policy rates term reserve bernanke interest federal inflation",1.8
"home foreclosure mortgage loan housing lender property homeowner bank say","company percent sales million business billion market price store executive",0.2
"home foreclosure mortgage loan housing lender property homeowner bank say","family child life home mother father son friend day old",0.8
"home foreclosure mortgage loan housing lender property homeowner bank say","company million case investigation lawyer lawsuit firm federal claim filed",1.17
"home foreclosure mortgage loan housing lender property homeowner bank say","city building project york million mayor street center construction community",0.8
"food weight say eat exercise eating body diet get health","health care state insurance plan program hospital percent law pay",2.2
"food weight say eat exercise eating body diet get health","fashion look woman say show want re get man really",0.8
"food weight say eat exercise eating body diet get health","house dog water drink get re say garden beer home",0
"food weight say eat exercise eating body diet get health","drug patient study medical doctor cancer dr disease treatment research",1.5
"food weight say eat exercise eating body diet get health","food eggs egg recall farm safety salmonella outbreak strain fda",2
"food weight say eat exercise eating body diet get health","product brand company consumer marketing ad johnson video campaign say",0.6
"hotel restaurant town park city com day mile place street","bank financial banks money billion investment investor credit loan funds",0.4
"hotel restaurant town park city com day mile place street","art museum artist painting work collection show gallery exhibition works",1
"hotel restaurant town park city com day mile place street","european euro country europe government debt greece ireland crisis spain",0.8
"hotel restaurant town park city com day mile place street","house dog water drink get re say garden beer home",1.2
"hotel restaurant town park city com day mile place street","storm beach coast boat hurricane weather fish area sea island",0.6
"hotel restaurant town park city com day mile place street","state immigration california law immigrant illegal arizona los angeles border",0
"hotel restaurant town park city com day mile place street","tax game million state business casino disney money ticket gambling",0.2
"hotel restaurant town park city com day mile place street","city building project york million mayor street center construction community",1.2
"republican party democrat tea democratic group political campaign race election","republican tax obama house bill senate democrat congress cut president",3.5
"republican party democrat tea democratic group political campaign race election","state census district population seats republican congressional decade percent political",2.6
"republican party democrat tea democratic group political campaign race election","campaign governor candidate republican state political cuomo patrick party former",3.4
"republican party democrat tea democratic group political campaign race election","committee ethics house rangel member rep paterson office report panel",1.2
"republican party democrat tea democratic group political campaign race election","election vote voter candidate state ballot party voting campaign result",3.6
"republican party democrat tea democratic group political campaign race election","obama president white house clinton bush administration washington barack kennedy",2
"republican party democrat tea democratic group political campaign race election","google network tv company television news internet cable show medium",1
"republican party democrat tea democratic group political campaign race election","muslim american religious jewish center mosque christian group israel islamic",1
"republican party democrat tea democratic group political campaign race election","florida scott state crist republican governor campaign sink rubio voter",2
"republican party democrat tea democratic group political campaign race election","state immigration california law immigrant illegal arizona los angeles border",1.83
"republican party democrat tea democratic group political campaign race election","tax game million state business casino disney money ticket gambling",1
"republican party democrat tea democratic group political campaign race election","city building project york million mayor street center construction community",0.6
"republican party democrat tea democratic group political campaign race election","magazine news editor medium newspaper reporter times article journalist reader",2.4
"bank financial banks money billion investment investor credit loan funds","film movie story character director make man documentary star directed",0
"bank financial banks money billion investment investor credit loan funds","fashion look woman say show want re get man really",0
"bank financial banks money billion investment investor credit loan funds","french german france germany european paris europe union sarkozy country",0.6
"bank financial banks money billion investment investor credit loan funds","still neanderthal ago member modern much say country long work",0.2
"bank financial banks money billion investment investor credit loan funds","tax game million state business casino disney money ticket gambling",1
"bank financial banks money billion investment investor credit loan funds","company genzyme shareholder share drug board bid sanofi offer investor",2
"bank financial banks money billion investment investor credit loan funds","iran iraq nuclear al government state official iranian united iraqi",0.6
"bank financial banks money billion investment investor credit loan funds","city building project york million mayor street center construction community",1.6
"bank financial banks money billion investment investor credit loan funds","magazine news editor medium newspaper reporter times article journalist reader",0.2
"bank financial banks money billion investment investor credit loan funds","consumer agency financial rule regulation bill law protection bureau federal",0.8
"bank financial banks money billion investment investor credit loan funds","committee ethics house rangel member rep paterson office report panel",0.8
"bank financial banks money billion investment investor credit loan funds","airport flight travel passenger airline security traveler international plane fee",0.4
"bank financial banks money billion investment investor credit loan funds","show series tv television season episode producer network star night",0.4
"bank financial banks money billion investment investor credit loan funds","european euro country europe government debt greece ireland crisis spain",1.8
"bank financial banks money billion investment investor credit loan funds","muslim american religious jewish center mosque christian group israel islamic",0.2
"bank financial banks money billion investment investor credit loan funds","airline plane flight pilot air united continental carrier engine aircraft",0
"bank financial banks money billion investment investor credit loan funds","company percent sales million business billion market price store executive",3
"bank financial banks money billion investment investor credit loan funds","company million case investigation lawyer lawsuit firm federal claim filed",2
"bank financial banks money billion investment investor credit loan funds","fed economy policy rates term reserve bernanke interest federal inflation",2.8
"bank financial banks money billion investment investor credit loan funds","music song band album rock record concert sound singer musician",0.5
"bank financial banks money billion investment investor credit loan funds","india indian government delhi country political party state many minister",0.4
"bank financial banks money billion investment investor credit loan funds","party government britain minister prime british political election conservative london",0.2
"bank financial banks money billion investment investor credit loan funds","art museum artist painting work collection show gallery exhibition works",0.6
"bank financial banks money billion investment investor credit loan funds","gm detroit ford chrysler motor company automaker auto billion government",0.4
"bank financial banks money billion investment investor credit loan funds","gay sex woman marriage man armstrong tour aids rider lesbian",0
"bank financial banks money billion investment investor credit loan funds","obama president white house clinton bush administration washington barack kennedy",0.5
"bank financial banks money billion investment investor credit loan funds","world cup player team open tournament golf match game woods",0.2
"bank financial banks money billion investment investor credit loan funds","book life story novel author man woman world writer page",0.2
"bank financial banks money billion investment investor credit loan funds","family child life home mother father son friend day old",0
"bank financial banks money billion investment investor credit loan funds","official military afghanistan afghan american government force taliban attack war",0.6
"bank financial banks money billion investment investor credit loan funds","storm beach coast boat hurricane weather fish area sea island",0
"bank financial banks money billion investment investor credit loan funds","theater show play broadway musical actor production york character role",0.17
"bank financial banks money billion investment investor credit loan funds","north korea south china korean state russia government official united",0.4
"health care state insurance plan program hospital percent law pay","court case judge lawyer trial prison prosecutor state law federal",0.2
"health care state insurance plan program hospital percent law pay","job unemployment work benefit month unemployed percent worker week long",1.4
"health care state insurance plan program hospital percent law pay","florida scott state crist republican governor campaign sink rubio voter",0.4
"health care state insurance plan program hospital percent law pay","wind energy project cape power state turbine national utility farm",0.8
"health care state insurance plan program hospital percent law pay","still neanderthal ago member modern much say country long work",0.2
"health care state insurance plan program hospital percent law pay","tax game million state business casino disney money ticket gambling",0.6
"health care state insurance plan program hospital percent law pay","city building project york million mayor street center construction community",0.2
"health care state insurance plan program hospital percent law pay","williams open court set tennis match woman serve life final",0.2
"health care state insurance plan program hospital percent law pay","china worker chinese job union japan labor company factory work",0.2
"health care state insurance plan program hospital percent law pay","consumer agency financial rule regulation bill law protection bureau federal",0.6
"health care state insurance plan program hospital percent law pay","state census district population seats republican congressional decade percent political",1
"health care state insurance plan program hospital percent law pay","court justice law supreme kagan right decision case amendment wrote",0
"health care state insurance plan program hospital percent law pay","airport flight travel passenger airline security traveler international plane fee",0.6
"health care state insurance plan program hospital percent law pay","european euro country europe government debt greece ireland crisis spain",0.6
"health care state insurance plan program hospital percent law pay","muslim american religious jewish center mosque christian group israel islamic",0
"health care state insurance plan program hospital percent law pay","drug patient study medical doctor cancer dr disease treatment research",1.8
"health care state insurance plan program hospital percent law pay","state immigration california law immigrant illegal arizona los angeles border",0.83
"health care state insurance plan program hospital percent law pay","product brand company consumer marketing ad johnson video campaign say",1
"health care state insurance plan program hospital percent law pay","party government britain minister prime british political election conservative london",1.4
"health care state insurance plan program hospital percent law pay","police officer man city official department gun drug crime authorities",0.4
"health care state insurance plan program hospital percent law pay","gay sex woman marriage man armstrong tour aids rider lesbian",0.2
"health care state insurance plan program hospital percent law pay","republican tax obama house bill senate democrat congress cut president",0.6
"health care state insurance plan program hospital percent law pay","food eggs egg recall farm safety salmonella outbreak strain fda",0.4
"health care state insurance plan program hospital percent law pay","family child life home mother father son friend day old",1.4
"health care state insurance plan program hospital percent law pay","storm beach coast boat hurricane weather fish area sea island",0.2
"health care state insurance plan program hospital percent law pay","church abuse catholic bishop priest vatican pope shahzad sexual case",0.6
"say make many business way much still show place long","tax game million state business casino disney money ticket gambling",1.2
"say make many business way much still show place long","many still even japan world american nation ago say state",0.4
"say make many business way much still show place long","car vehicle model toyota driver engine ford electric wheel drive",0.2
"say make many business way much still show place long","anderson long world tom minutes business never life many say",1
"say make many business way much still show place long","product brand company consumer marketing ad johnson video campaign say",1
"say make many business way much still show place long","still neanderthal ago member modern much say country long work",0.2
"election vote voter candidate state ballot party voting campaign result","state census district population seats republican congressional decade percent political",1.8
"election vote voter candidate state ballot party voting campaign result","campaign governor candidate republican state political cuomo patrick party former",3.6
"election vote voter candidate state ballot party voting campaign result","committee ethics house rangel member rep paterson office report panel",2.6
"election vote voter candidate state ballot party voting campaign result","party government britain minister prime british political election conservative london",2.4
"election vote voter candidate state ballot party voting campaign result","gm detroit ford chrysler motor company automaker auto billion government",0.2
"election vote voter candidate state ballot party voting campaign result","team game season bronco bucs get play back going week",0.2
"election vote voter candidate state ballot party voting campaign result","game yankee ray team season run baseball league series hit",0.4
"election vote voter candidate state ballot party voting campaign result","florida scott state crist republican governor campaign sink rubio voter",2
"election vote voter candidate state ballot party voting campaign result","state immigration california law immigrant illegal arizona los angeles border",2.4
"election vote voter candidate state ballot party voting campaign result","company percent sales million business billion market price store executive",0.4
"election vote voter candidate state ballot party voting campaign result","tax game million state business casino disney money ticket gambling",0.4
"election vote voter candidate state ballot party voting campaign result","city building project york million mayor street center construction community",1
"court case judge lawyer trial prison prosecutor state law federal","court justice law supreme kagan right decision case amendment wrote",4.2
"court case judge lawyer trial prison prosecutor state law federal","gm detroit ford chrysler motor company automaker auto billion government",0.6
"court case judge lawyer trial prison prosecutor state law federal","police officer man city official department gun drug crime authorities",2.8
"court case judge lawyer trial prison prosecutor state law federal","florida scott state crist republican governor campaign sink rubio voter",0.4
"court case judge lawyer trial prison prosecutor state law federal","state immigration california law immigrant illegal arizona los angeles border",0.8
"court case judge lawyer trial prison prosecutor state law federal","tax game million state business casino disney money ticket gambling",0.6
"court case judge lawyer trial prison prosecutor state law federal","company million case investigation lawyer lawsuit firm federal claim filed",3.2
"job unemployment work benefit month unemployed percent worker week long","percent market economy economic growth price report state economist china",2.2
"job unemployment work benefit month unemployed percent worker week long","china worker chinese job union japan labor company factory work",2.2
"job unemployment work benefit month unemployed percent worker week long","many still even japan world american nation ago say state",0
"job unemployment work benefit month unemployed percent worker week long","republican tax obama house bill senate democrat congress cut president",1.2
"job unemployment work benefit month unemployed percent worker week long","florida scott state crist republican governor campaign sink rubio voter",0
"job unemployment work benefit month unemployed percent worker week long","still neanderthal ago member modern much say country long work",0.4
"job unemployment work benefit month unemployed percent worker week long","fed economy policy rates term reserve bernanke interest federal inflation",2.4
"film movie story character director make man documentary star directed","game season florida yard coach team state play going quarterback",0.6
"film movie story character director make man documentary star directed","son empire series thompson show man life character city boardwalk",1.6
"film movie story character director make man documentary star directed","show series tv television season episode producer network star night",1.2
"film movie story character director make man documentary star directed","team game season bronco bucs get play back going week",0
"film movie story character director make man documentary star directed","gm detroit ford chrysler motor company automaker auto billion government",0.2
"film movie story character director make man documentary star directed","game yankee ray team season run baseball league series hit",0.2
"film movie story character director make man documentary star directed","republican tax obama house bill senate democrat congress cut president",0
"film movie story character director make man documentary star directed","film movie true king grit oscar best brother speech joel",1.4
"film movie story character director make man documentary star directed","anderson long world tom minutes business never life many say",0.6
"film movie story character director make man documentary star directed","tax game million state business casino disney money ticket gambling",0.4
"film movie story character director make man documentary star directed","fed economy policy rates term reserve bernanke interest federal inflation",0.2
"film movie story character director make man documentary star directed","theater show play broadway musical actor production york character role",2.4
"google network tv company television news internet cable show medium","energy state gas company plant fuel project industry power climate",0
"google network tv company television news internet cable show medium","product brand company consumer marketing ad johnson video campaign say",0.83
"google network tv company television news internet cable show medium","consumer agency financial rule regulation bill law protection bureau federal",0.4
"google network tv company television news internet cable show medium","show series tv television season episode producer network star night",3.4
"google network tv company television news internet cable show medium","company million case investigation lawyer lawsuit firm federal claim filed",0.2
"google network tv company television news internet cable show medium","player coach football team sport game league college big season",0
"google network tv company television news internet cable show medium","game yankee ray team season run baseball league series hit",0
"google network tv company television news internet cable show medium","facebook site information internet online wikileaks social twitter user website",1.2
"google network tv company television news internet cable show medium","company percent sales million business billion market price store executive",1.4
"google network tv company television news internet cable show medium","still neanderthal ago member modern much say country long work",0
"google network tv company television news internet cable show medium","tax game million state business casino disney money ticket gambling",0.2
"google network tv company television news internet cable show medium","anderson long world tom minutes business never life many say",0
"google network tv company television news internet cable show medium","magazine news editor medium newspaper reporter times article journalist reader",1.2
"fashion look woman say show want re get man really","music song band album rock record concert sound singer musician",0.6
"fashion look woman say show want re get man really","son empire series thompson show man life character city boardwalk",0.6
"fashion look woman say show want re get man really","team game season bronco bucs get play back going week",0
"fashion look woman say show want re get man really","get say even world family something think child take work",0
"fashion look woman say show want re get man really","game yankee ray team season run baseball league series hit",0.2
"fashion look woman say show want re get man really","house dog water drink get re say garden beer home",0
"fashion look woman say show want re get man really","car vehicle model toyota driver engine ford electric wheel drive",0.6
"fashion look woman say show want re get man really","anderson long world tom minutes business never life many say",0
"fashion look woman say show want re get man really","product brand company consumer marketing ad johnson video campaign say",0.8
"house dog water drink get re say garden beer home","plant seed bedbug crop tree bug species horse garden insect",0.83
"house dog water drink get re say garden beer home","art museum artist painting work collection show gallery exhibition works",0.4
"house dog water drink get re say garden beer home","city building project york million mayor street center construction community",0.6
"florida scott state crist republican governor campaign sink rubio voter","republican tax obama house bill senate democrat congress cut president",2.4
"florida scott state crist republican governor campaign sink rubio voter","state census district population seats republican congressional decade percent political",0.2
"florida scott state crist republican governor campaign sink rubio voter","campaign governor candidate republican state political cuomo patrick party former",1.2
"florida scott state crist republican governor campaign sink rubio voter","party government britain minister prime british political election conservative london",0.4
"florida scott state crist republican governor campaign sink rubio voter","airport flight travel passenger airline security traveler international plane fee",0
"florida scott state crist republican governor campaign sink rubio voter","obama president white house clinton bush administration washington barack kennedy",1.5
"florida scott state crist republican governor campaign sink rubio voter","muslim american religious jewish center mosque christian group israel islamic",0.6
"florida scott state crist republican governor campaign sink rubio voter","tax game million state business casino disney money ticket gambling",0.6
"florida scott state crist republican governor campaign sink rubio voter","storm beach coast boat hurricane weather fish area sea island",0.8
"florida scott state crist republican governor campaign sink rubio voter","magazine news editor medium newspaper reporter times article journalist reader",0.6
"wind energy project cape power state turbine national utility farm","company percent sales million business billion market price store executive",0.2
"wind energy project cape power state turbine national utility farm","storm beach coast boat hurricane weather fish area sea island",0.5
"wind energy project cape power state turbine national utility farm","energy state gas company plant fuel project industry power climate",3.2
"facebook site information internet online wikileaks social twitter user website","game season florida yard coach team state play going quarterback",0
"facebook site information internet online wikileaks social twitter user website","consumer agency financial rule regulation bill law protection bureau federal",0.4
"facebook site information internet online wikileaks social twitter user website","product brand company consumer marketing ad johnson video campaign say",0.8
"facebook site information internet online wikileaks social twitter user website","company percent sales million business billion market price store executive",0.8
"facebook site information internet online wikileaks social twitter user website","tax game million state business casino disney money ticket gambling",0.2
"facebook site information internet online wikileaks social twitter user website","company million case investigation lawyer lawsuit firm federal claim filed",0.8
"french german france germany european paris europe union sarkozy country","company percent sales million business billion market price store executive",0.4
"french german france germany european paris europe union sarkozy country","european euro country europe government debt greece ireland crisis spain",2
"french german france germany european paris europe union sarkozy country","still neanderthal ago member modern much say country long work",0
"french german france germany european paris europe union sarkozy country","game season florida yard coach team state play going quarterback",0
"team james nba player season point knicks game celtic lakers","son empire series thompson show man life character city boardwalk",0
"team james nba player season point knicks game celtic lakers","game team goal lightning season play player hockey tampa nhl",3.4
"team james nba player season point knicks game celtic lakers","team world goal brazil cup game american player united state",1.83
"team james nba player season point knicks game celtic lakers","player coach football team sport game league college big season",2.8
"team james nba player season point knicks game celtic lakers","game yankee ray team season run baseball league series hit",1.8
"team james nba player season point knicks game celtic lakers","game jet giant yard season play team field ryan pass",3.6
"team james nba player season point knicks game celtic lakers","anderson long world tom minutes business never life many say",0.2
"team james nba player season point knicks game celtic lakers","tax game million state business casino disney money ticket gambling",0
"team james nba player season point knicks game celtic lakers","city building project york million mayor street center construction community",0
"film movie true king grit oscar best brother speech joel","son empire series thompson show man life character city boardwalk",0.6
"film movie true king grit oscar best brother speech joel","anderson long world tom minutes business never life many say",0.4
"film movie true king grit oscar best brother speech joel","tax game million state business casino disney money ticket gambling",0.2
"film movie true king grit oscar best brother speech joel","get say even world family something think child take work",0.6
"still neanderthal ago member modern much say country long work","tax game million state business casino disney money ticket gambling",0.8
"still neanderthal ago member modern much say country long work","company genzyme shareholder share drug board bid sanofi offer investor",0
"still neanderthal ago member modern much say country long work","city building project york million mayor street center construction community",0
"still neanderthal ago member modern much say country long work","magazine news editor medium newspaper reporter times article journalist reader",0.4
"still neanderthal ago member modern much say country long work","china worker chinese job union japan labor company factory work",1.4
"still neanderthal ago member modern much say country long work","consumer agency financial rule regulation bill law protection bureau federal",0
"still neanderthal ago member modern much say country long work","plant seed bedbug crop tree bug species horse garden insect",0.2
"still neanderthal ago member modern much say country long work","european euro country europe government debt greece ireland crisis spain",0
"still neanderthal ago member modern much say country long work","airline plane flight pilot air united continental carrier engine aircraft",0
"still neanderthal ago member modern much say country long work","drug patient study medical doctor cancer dr disease treatment research",0.4
"still neanderthal ago member modern much say country long work","state immigration california law immigrant illegal arizona los angeles border",0.6
"still neanderthal ago member modern much say country long work","company percent sales million business billion market price store executive",0.6
"still neanderthal ago member modern much say country long work","product brand company consumer marketing ad johnson video campaign say",0.2
"still neanderthal ago member modern much say country long work","energy state gas company plant fuel project industry power climate",1
"still neanderthal ago member modern much say country long work","many still even japan world american nation ago say state",0.6
"still neanderthal ago member modern much say country long work","gm detroit ford chrysler motor company automaker auto billion government",0.4
"tax game million state business casino disney money ticket gambling","city building project york million mayor street center construction community",0.2
"tax game million state business casino disney money ticket gambling","china worker chinese job union japan labor company factory work",0
"tax game million state business casino disney money ticket gambling","state census district population seats republican congressional decade percent political",0.2
"tax game million state business casino disney money ticket gambling","son empire series thompson show man life character city boardwalk",0.6
"tax game million state business casino disney money ticket gambling","game yankee ray team season run baseball league series hit",0.6
"tax game million state business casino disney money ticket gambling","muslim american religious jewish center mosque christian group israel islamic",0
"tax game million state business casino disney money ticket gambling","state immigration california law immigrant illegal arizona los angeles border",0.6
"tax game million state business casino disney money ticket gambling","anderson long world tom minutes business never life many say",0.8
"tax game million state business casino disney money ticket gambling","company million case investigation lawyer lawsuit firm federal claim filed",1.2
"tax game million state business casino disney money ticket gambling","energy state gas company plant fuel project industry power climate",0.2
"tax game million state business casino disney money ticket gambling","music song band album rock record concert sound singer musician",0.83
"tax game million state business casino disney money ticket gambling","india indian government delhi country political party state many minister",0
"tax game million state business casino disney money ticket gambling","campaign governor candidate republican state political cuomo patrick party former",1.2
"tax game million state business casino disney money ticket gambling","police officer man city official department gun drug crime authorities",1.2
"tax game million state business casino disney money ticket gambling","art museum artist painting work collection show gallery exhibition works",0.2
"tax game million state business casino disney money ticket gambling","team world goal brazil cup game american player united state",0.4
"tax game million state business casino disney money ticket gambling","game team goal lightning season play player hockey tampa nhl",2
"tax game million state business casino disney money ticket gambling","republican tax obama house bill senate democrat congress cut president",0
"tax game million state business casino disney money ticket gambling","world cup player team open tournament golf match game woods",1
"tax game million state business casino disney money ticket gambling","family child life home mother father son friend day old",0.2
"tax game million state business casino disney money ticket gambling","theater show play broadway musical actor production york character role",0.2
"company genzyme shareholder share drug board bid sanofi offer investor","game season florida yard coach team state play going quarterback",0.6
"company genzyme shareholder share drug board bid sanofi offer investor","drug patient study medical doctor cancer dr disease treatment research",1.4
"company genzyme shareholder share drug board bid sanofi offer investor","company percent sales million business billion market price store executive",1
"company genzyme shareholder share drug board bid sanofi offer investor","company million case investigation lawyer lawsuit firm federal claim filed",2
"iran iraq nuclear al government state official iranian united iraqi","company percent sales million business billion market price store executive",0.6
"iran iraq nuclear al government state official iranian united iraqi","energy state gas company plant fuel project industry power climate",0
"city building project york million mayor street center construction community","water river official state environmental million fire flood area chemical",0.4
"city building project york million mayor street center construction community","police officer man city official department gun drug crime authorities",0.8
"city building project york million mayor street center construction community","state census district population seats republican congressional decade percent political",1.4
"city building project york million mayor street center construction community","art museum artist painting work collection show gallery exhibition works",0.4
"city building project york million mayor street center construction community","company percent sales million business billion market price store executive",1.2
"city building project york million mayor street center construction community","game yankee ray team season run baseball league series hit",0
"city building project york million mayor street center construction community","game jet giant yard season play team field ryan pass",1
"city building project york million mayor street center construction community","state immigration california law immigrant illegal arizona los angeles border",0.6
"city building project york million mayor street center construction community","many still even japan world american nation ago say state",0.6
"city building project york million mayor street center construction community","muslim american religious jewish center mosque christian group israel islamic",0.4
"magazine news editor medium newspaper reporter times article journalist reader","game season florida yard coach team state play going quarterback",0.4
"magazine news editor medium newspaper reporter times article journalist reader","campaign governor candidate republican state political cuomo patrick party former",1.33
"magazine news editor medium newspaper reporter times article journalist reader","globe times co boston group newspaper york paper make want",2.4
"magazine news editor medium newspaper reporter times article journalist reader","team game season bronco bucs get play back going week",0.8
"magazine news editor medium newspaper reporter times article journalist reader","company million case investigation lawyer lawsuit firm federal claim filed",0.2
"magazine news editor medium newspaper reporter times article journalist reader","game yankee ray team season run baseball league series hit",0
"magazine news editor medium newspaper reporter times article journalist reader","republican tax obama house bill senate democrat congress cut president",0.4
"magazine news editor medium newspaper reporter times article journalist reader","company percent sales million business billion market price store executive",0.2
"magazine news editor medium newspaper reporter times article journalist reader","anderson long world tom minutes business never life many say",0
"williams open court set tennis match woman serve life final","game season florida yard coach team state play going quarterback",0.8
"williams open court set tennis match woman serve life final","world cup player team open tournament golf match game woods",2.6
"china worker chinese job union japan labor company factory work","percent market economy economic growth price report state economist china",1.6
"china worker chinese job union japan labor company factory work","game season florida yard coach team state play going quarterback",0
"china worker chinese job union japan labor company factory work","north korea south china korean state russia government official united",2.2
"china worker chinese job union japan labor company factory work","energy state gas company plant fuel project industry power climate",2
"china worker chinese job union japan labor company factory work","gm detroit ford chrysler motor company automaker auto billion government",0.4
"china worker chinese job union japan labor company factory work","state immigration california law immigrant illegal arizona los angeles border",1
"game season florida yard coach team state play going quarterback","plant seed bedbug crop tree bug species horse garden insect",0
"game season florida yard coach team state play going quarterback","airport flight travel passenger airline security traveler international plane fee",0
"game season florida yard coach team state play going quarterback","show series tv television season episode producer network star night",0.6
"game season florida yard coach team state play going quarterback","team game season bronco bucs get play back going week",2.8
"game season florida yard coach team state play going quarterback","player coach football team sport game league college big season",4
"game season florida yard coach team state play going quarterback","muslim american religious jewish center mosque christian group israel islamic",0.2
"game season florida yard coach team state play going quarterback","airline plane flight pilot air united continental carrier engine aircraft",0
"game season florida yard coach team state play going quarterback","university harvard college student professor language campus research american president",1.4
"game season florida yard coach team state play going quarterback","music song band album rock record concert sound singer musician",0.2
"game season florida yard coach team state play going quarterback","party government britain minister prime british political election conservative london",0
"game season florida yard coach team state play going quarterback","gm detroit ford chrysler motor company automaker auto billion government",0.2
"game season florida yard coach team state play going quarterback","obama president white house clinton bush administration washington barack kennedy",0.4
"game season florida yard coach team state play going quarterback","game jet giant yard season play team field ryan pass",1.2
"game season florida yard coach team state play going quarterback","storm beach coast boat hurricane weather fish area sea island",0.6
"part made old country know american may long world still","get say even world family something think child take work",0.2
"part made old country know american may long world still","globe times co boston group newspaper york paper make want",1.8
"part made old country know american may long world still","many still even japan world american nation ago say state",1.6
"part made old country know american may long world still","well end come make week day way since made go",0.6
"consumer agency financial rule regulation bill law protection bureau federal","state census district population seats republican congressional decade percent political",2
"consumer agency financial rule regulation bill law protection bureau federal","court justice law supreme kagan right decision case amendment wrote",1.8
"consumer agency financial rule regulation bill law protection bureau federal","republican tax obama house bill senate democrat congress cut president",2
"consumer agency financial rule regulation bill law protection bureau federal","committee ethics house rangel member rep paterson office report panel",1.6
"consumer agency financial rule regulation bill law protection bureau federal","food eggs egg recall farm safety salmonella outbreak strain fda",1.2
"consumer agency financial rule regulation bill law protection bureau federal","product brand company consumer marketing ad johnson video campaign say",0.2
"consumer agency financial rule regulation bill law protection bureau federal","company million case investigation lawyer lawsuit firm federal claim filed",2
"consumer agency financial rule regulation bill law protection bureau federal","fed economy policy rates term reserve bernanke interest federal inflation",1.4
"plant seed bedbug crop tree bug species horse garden insect","drug patient study medical doctor cancer dr disease treatment research",0.4
"plant seed bedbug crop tree bug species horse garden insect","well end come make week day way since made go",0
"state census district population seats republican congressional decade percent political","state immigration california law immigrant illegal arizona los angeles border",2
"state census district population seats republican congressional decade percent political","republican tax obama house bill senate democrat congress cut president",2.2
"state census district population seats republican congressional decade percent political","committee ethics house rangel member rep paterson office report panel",1.2
"son empire series thompson show man life character city boardwalk","product brand company consumer marketing ad johnson video campaign say",0.2
"son empire series thompson show man life character city boardwalk","show series tv television season episode producer network star night",2.8
"son empire series thompson show man life character city boardwalk","get say even world family something think child take work",0
"son empire series thompson show man life character city boardwalk","anderson long world tom minutes business never life many say",0.4
"son empire series thompson show man life character city boardwalk","theater show play broadway musical actor production york character role",2
"committee ethics house rangel member rep paterson office report panel","campaign governor candidate republican state political cuomo patrick party former",2.6
"committee ethics house rangel member rep paterson office report panel","game yankee ray team season run baseball league series hit",0
"committee ethics house rangel member rep paterson office report panel","republican tax obama house bill senate democrat congress cut president",2.8
"committee ethics house rangel member rep paterson office report panel","company million case investigation lawyer lawsuit firm federal claim filed",0.8
"court justice law supreme kagan right decision case amendment wrote","gay sex woman marriage man armstrong tour aids rider lesbian",1
"court justice law supreme kagan right decision case amendment wrote","republican tax obama house bill senate democrat congress cut president",0.8
"court justice law supreme kagan right decision case amendment wrote","company percent sales million business billion market price store executive",0.4
"court justice law supreme kagan right decision case amendment wrote","university harvard college student professor language campus research american president",1.8
"airport flight travel passenger airline security traveler international plane fee","team game season bronco bucs get play back going week",0
"airport flight travel passenger airline security traveler international plane fee","game yankee ray team season run baseball league series hit",0.2
"airport flight travel passenger airline security traveler international plane fee","republican tax obama house bill senate democrat congress cut president",0
"airport flight travel passenger airline security traveler international plane fee","game jet giant yard season play team field ryan pass",0.2
"airport flight travel passenger airline security traveler international plane fee","company percent sales million business billion market price store executive",0.6
"airport flight travel passenger airline security traveler international plane fee","airline plane flight pilot air united continental carrier engine aircraft",3.4
"show series tv television season episode producer network star night","team game season bronco bucs get play back going week",1
"show series tv television season episode producer network star night","game yankee ray team season run baseball league series hit",1.2
"show series tv television season episode producer network star night","republican tax obama house bill senate democrat congress cut president",0
"show series tv television season episode producer network star night","campaign governor candidate republican state political cuomo patrick party former",1.6
"show series tv television season episode producer network star night","anderson long world tom minutes business never life many say",0.33
"show series tv television season episode producer network star night","theater show play broadway musical actor production york character role",1.6
"team game season bronco bucs get play back going week","player coach football team sport game league college big season",0.8
"team game season bronco bucs get play back going week","party government britain minister prime british political election conservative london",0
"team game season bronco bucs get play back going week","obama president white house clinton bush administration washington barack kennedy",0.2
"team game season bronco bucs get play back going week","police officer man city official department gun drug crime authorities",0.4
"team game season bronco bucs get play back going week","gm detroit ford chrysler motor company automaker auto billion government",0.2
"team game season bronco bucs get play back going week","airline plane flight pilot air united continental carrier engine aircraft",0
"team game season bronco bucs get play back going week","gay sex woman marriage man armstrong tour aids rider lesbian",0
"team game season bronco bucs get play back going week","car vehicle model toyota driver engine ford electric wheel drive",0.2
"team game season bronco bucs get play back going week","world cup player team open tournament golf match game woods",1.4
"team game season bronco bucs get play back going week","family child life home mother father son friend day old",0.6
"team game season bronco bucs get play back going week","game jet giant yard season play team field ryan pass",2.6
"player coach football team sport game league college big season","game team goal lightning season play player hockey tampa nhl",3
"player coach football team sport game league college big season","team world goal brazil cup game american player united state",2.2
"player coach football team sport game league college big season","game yankee ray team season run baseball league series hit",2.8
"player coach football team sport game league college big season","world cup player team open tournament golf match game woods",2.4
"player coach football team sport game league college big season","drug patient study medical doctor cancer dr disease treatment research",0.2
"player coach football team sport game league college big season","family child life home mother father son friend day old",0.33
"player coach football team sport game league college big season","game jet giant yard season play team field ryan pass",3.2
"player coach football team sport game league college big season","university harvard college student professor language campus research american president",1.4
"european euro country europe government debt greece ireland crisis spain","percent market economy economic growth price report state economist china",1.8
"european euro country europe government debt greece ireland crisis spain","church abuse catholic bishop priest vatican pope shahzad sexual case",0
"european euro country europe government debt greece ireland crisis spain","party government britain minister prime british political election conservative london",2.2
"european euro country europe government debt greece ireland crisis spain","fed economy policy rates term reserve bernanke interest federal inflation",1.2
"game yankee ray team season run baseball league series hit","airline plane flight pilot air united continental carrier engine aircraft",0
"game yankee ray team season run baseball league series hit","state immigration california law immigrant illegal arizona los angeles border",0
"game yankee ray team season run baseball league series hit","police officer man city official department gun drug crime authorities",0
"game yankee ray team season run baseball league series hit","obama president white house clinton bush administration washington barack kennedy",0.2
"game yankee ray team season run baseball league series hit","game team goal lightning season play player hockey tampa nhl",2.4
"game yankee ray team season run baseball league series hit","world cup player team open tournament golf match game woods",1.6
"game yankee ray team season run baseball league series hit","book life story novel author man woman world writer page",0.2
"game yankee ray team season run baseball league series hit","family child life home mother father son friend day old",0.2
"game yankee ray team season run baseball league series hit","storm beach coast boat hurricane weather fish area sea island",0.6
"muslim american religious jewish center mosque christian group israel islamic","church abuse catholic bishop priest vatican pope shahzad sexual case",3
"muslim american religious jewish center mosque christian group israel islamic","company percent sales million business billion market price store executive",0
"airline plane flight pilot air united continental carrier engine aircraft","percent market economy economic growth price report state economist china",0.4
"airline plane flight pilot air united continental carrier engine aircraft","energy state gas company plant fuel project industry power climate",0.6
"airline plane flight pilot air united continental carrier engine aircraft","republican tax obama house bill senate democrat congress cut president",0
"airline plane flight pilot air united continental carrier engine aircraft","game jet giant yard season play team field ryan pass",0
"airline plane flight pilot air united continental carrier engine aircraft","company percent sales million business billion market price store executive",0.2
"airline plane flight pilot air united continental carrier engine aircraft","car vehicle model toyota driver engine ford electric wheel drive",1.2
"drug patient study medical doctor cancer dr disease treatment research","family child life home mother father son friend day old",0.2
"drug patient study medical doctor cancer dr disease treatment research","gay sex woman marriage man armstrong tour aids rider lesbian",0.2
"drug patient study medical doctor cancer dr disease treatment research","book life story novel author man woman world writer page",0
"drug patient study medical doctor cancer dr disease treatment research","product brand company consumer marketing ad johnson video campaign say",0.4
"drug patient study medical doctor cancer dr disease treatment research","university harvard college student professor language campus research american president",0.67
"well end come make week day way since made go","storm beach coast boat hurricane weather fish area sea island",0
"state immigration california law immigrant illegal arizona los angeles border","campaign governor candidate republican state political cuomo patrick party former",1.6
"state immigration california law immigrant illegal arizona los angeles border","police officer man city official department gun drug crime authorities",1.6
"state immigration california law immigrant illegal arizona los angeles border","republican tax obama house bill senate democrat congress cut president",2.8
"state immigration california law immigrant illegal arizona los angeles border","company percent sales million business billion market price store executive",0.4
"state immigration california law immigrant illegal arizona los angeles border","car vehicle model toyota driver engine ford electric wheel drive",0
"company percent sales million business billion market price store executive","anderson long world tom minutes business never life many say",0.2
"company percent sales million business billion market price store executive","product brand company consumer marketing ad johnson video campaign say",1.4
"company percent sales million business billion market price store executive","company million case investigation lawyer lawsuit firm federal claim filed",3.8
"company percent sales million business billion market price store executive","university harvard college student professor language campus research american president",0.2
"company percent sales million business billion market price store executive","india indian government delhi country political party state many minister",0.6
"company percent sales million business billion market price store executive","party government britain minister prime british political election conservative london",0.4
"company percent sales million business billion market price store executive","gm detroit ford chrysler motor company automaker auto billion government",2.2
"company percent sales million business billion market price store executive","gay sex woman marriage man armstrong tour aids rider lesbian",0
"company percent sales million business billion market price store executive","team world goal brazil cup game american player united state",0
"company percent sales million business billion market price store executive","obama president white house clinton bush administration washington barack kennedy",0
"company percent sales million business billion market price store executive","world cup player team open tournament golf match game woods",0
"company percent sales million business billion market price store executive","percent market economy economic growth price report state economist china",4
"company percent sales million business billion market price store executive","north korea south china korean state russia government official united",0.4
"company percent sales million business billion market price store executive","church abuse catholic bishop priest vatican pope shahzad sexual case",0.2
"anderson long world tom minutes business never life many say","music song band album rock record concert sound singer musician",0.2
"anderson long world tom minutes business never life many say","product brand company consumer marketing ad johnson video campaign say",0.4
"anderson long world tom minutes business never life many say","many still even japan world american nation ago say state",0
"anderson long world tom minutes business never life many say","get say even world family something think child take work",0.8
"anderson long world tom minutes business never life many say","globe times co boston group newspaper york paper make want",0.2
"anderson long world tom minutes business never life many say","gm detroit ford chrysler motor company automaker auto billion government",0
"anderson long world tom minutes business never life many say","theater show play broadway musical actor production york character role",0.4
"company million case investigation lawyer lawsuit firm federal claim filed","oil bp spill well gulf drilling company rig deepwater safety",0.8
"company million case investigation lawyer lawsuit firm federal claim filed","police officer man city official department gun drug crime authorities",0.83
"fed economy policy rates term reserve bernanke interest federal inflation","percent market economy economic growth price report state economist china",4
"fed economy policy rates term reserve bernanke interest federal inflation","obama president white house clinton bush administration washington barack kennedy",2.8
"fed economy policy rates term reserve bernanke interest federal inflation","republican tax obama house bill senate democrat congress cut president",3.4
"fed economy policy rates term reserve bernanke interest federal inflation","book life story novel author man woman world writer page",0.29
"fed economy policy rates term reserve bernanke interest federal inflation","university harvard college student professor language campus research american president",0.8
"water river official state environmental million fire flood area chemical","energy state gas company plant fuel project industry power climate",1
"water river official state environmental million fire flood area chemical","storm beach coast boat hurricane weather fish area sea island",3.2
"energy state gas company plant fuel project industry power climate","north korea south china korean state russia government official united",0.6
"energy state gas company plant fuel project industry power climate","oil bp spill well gulf drilling company rig deepwater safety",2
"energy state gas company plant fuel project industry power climate","india indian government delhi country political party state many minister",2
"energy state gas company plant fuel project industry power climate","republican tax obama house bill senate democrat congress cut president",1.8
"energy state gas company plant fuel project industry power climate","car vehicle model toyota driver engine ford electric wheel drive",1.4
"music song band album rock record concert sound singer musician","republican tax obama house bill senate democrat congress cut president",0
"music song band album rock record concert sound singer musician","opera ballet music performance production dancer dance work director orchestra",3
"music song band album rock record concert sound singer musician","theater show play broadway musical actor production york character role",3
"oil bp spill well gulf drilling company rig deepwater safety","obama president white house clinton bush administration washington barack kennedy",0.2
"oil bp spill well gulf drilling company rig deepwater safety","storm beach coast boat hurricane weather fish area sea island",1
"many still even japan world american nation ago say state","globe times co boston group newspaper york paper make want",0.6
"india indian government delhi country political party state many minister","percent market economy economic growth price report state economist china",1.6
"party government britain minister prime british political election conservative london","republican tax obama house bill senate democrat congress cut president",2
"campaign governor candidate republican state political cuomo patrick party former","obama president white house clinton bush administration washington barack kennedy",3.2
"globe times co boston group newspaper york paper make want","get say even world family something think child take work",0.4
"police officer man city official department gun drug crime authorities","car vehicle model toyota driver engine ford electric wheel drive",0
"gm detroit ford chrysler motor company automaker auto billion government","obama president white house clinton bush administration washington barack kennedy",2
"gm detroit ford chrysler motor company automaker auto billion government","game team goal lightning season play player hockey tampa nhl",1.2
"gm detroit ford chrysler motor company automaker auto billion government","republican tax obama house bill senate democrat congress cut president",0.6
"gm detroit ford chrysler motor company automaker auto billion government","car vehicle model toyota driver engine ford electric wheel drive",3
"gay sex woman marriage man armstrong tour aids rider lesbian","republican tax obama house bill senate democrat congress cut president",0
"gay sex woman marriage man armstrong tour aids rider lesbian","world cup player team open tournament golf match game woods",0
"team world goal brazil cup game american player united state","game team goal lightning season play player hockey tampa nhl",2.6
"team world goal brazil cup game american player united state","world cup player team open tournament golf match game woods",2.8
"obama president white house clinton bush administration washington barack kennedy","republican tax obama house bill senate democrat congress cut president",3.6
"get say even world family something think child take work","book life story novel author man woman world writer page",0
"get say even world family something think child take work","theater show play broadway musical actor production york character role",0
"game team goal lightning season play player hockey tampa nhl","world cup player team open tournament golf match game woods",1.2
"republican tax obama house bill senate democrat congress cut president","book life story novel author man woman world writer page",0
"republican tax obama house bill senate democrat congress cut president","food eggs egg recall farm safety salmonella outbreak strain fda",0.2
"republican tax obama house bill senate democrat congress cut president","storm beach coast boat hurricane weather fish area sea island",0.2
"opera ballet music performance production dancer dance work director orchestra","theater show play broadway musical actor production york character role",4.2
"percent market economy economic growth price report state economist china","north korea south china korean state russia government official united",1.6
