"topic1","topic2","score"
"water ambulance tank used use cost cement tanks materials area","hunting hunt fox deer dogs hounds animal animals control foxes",0
"water ambulance tank used use cost cement tanks materials area","energy environmental gas oil climate air environment change fuel water",1
"water ambulance tank used use cost cement tanks materials area","map figure scale maps line point grid surface used lines",0
"water ambulance tank used use cost cement tanks materials area","working wales workers safety employers health employees employment employer top",1
"jewish women british jews britain ethnic cultural race culture black","children education school schools teachers students special research social parents",0.4
"jewish women british jews britain ethnic cultural race culture black","ireland northern political irish party government labour state community class",1.2
"jewish women british jews britain ethnic cultural race culture black","history art book century world english poetry books london life",0.2
"jewish women british jews britain ethnic cultural race culture black","like said know think could get good way go us",0
"jewish women british jews britain ethnic cultural race culture black","god jesus us church christ christian life paul faith lord",1.2
"jewish women british jews britain ethnic cultural race culture black","iraq war us said iraqi military israel united saddam world",0.2
"meeting party campaign members european question group left socialist london","ireland northern political irish party government labour state community class",1.8
"meeting party campaign members european question group left socialist london","security information internet mail systems intelligence spam technology computer network",0.2
"meeting party campaign members european question group left socialist london","dr university members queen committee professor society college mr member",1
"meeting party campaign members european question group left socialist london","government read public policy minister social article report february march",1.8
"uk grand lodge travel hotel theatre room london available area","scotland london scottish th museum centre st south history west",1.6
"uk grand lodge travel hotel theatre room london available area","dr university members queen committee professor society college mr member",0.8
"uk grand lodge travel hotel theatre room london available area","mins team ball cup race football back england game second",0
"news press year media bbc awards award newspaper daily editor","government read public policy minister social article report february march",1.2
"news press year media bbc awards award newspaper daily editor","film review book films dvd movie story reviews fiction cinema",0.4
"news press year media bbc awards award newspaper daily editor","dr university members queen committee professor society college mr member",0.2
"news press year media bbc awards award newspaper daily editor","iraq war us said iraqi military israel united saddam world",0
"development uk job business team management manager experience project city","business company market companies per services money price euro financial",1.6
"development uk job business team management manager experience project city","learning training experience use reviewing process book group way help",0.4
"development uk job business team management manager experience project city","research university education students uk staff learning ac institute school",1.8
"development uk job business team management manager experience project city","working wales workers safety employers health employees employment employer top",2.6
"development uk job business team management manager experience project city","scotland london scottish th museum centre st south history west",0.4
"development uk job business team management manager experience project city","government read public policy minister social article report february march",0.8
"world countries development government international trade eu uk country economic","energy environmental gas oil climate air environment change fuel water",0.2
"world countries development government international trade eu uk country economic","government read public policy minister social article report february march",1.2
"world countries development government international trade eu uk country economic","iraq war us said iraqi military israel united saddam world",1.33
"world countries development government international trade eu uk country economic","business company market companies per services money price euro financial",3.2
"business company market companies per services money price euro financial","security information internet mail systems intelligence spam technology computer network",1.2
"ireland northern political irish party government labour state community class","iraq war us said iraqi military israel united saddam world",0.6
"hunting hunt fox deer dogs hounds animal animals control foxes","dr university members queen committee professor society college mr member",0
"hunting hunt fox deer dogs hounds animal animals control foxes","chester road park site city building council street house st",0
"hunting hunt fox deer dogs hounds animal animals control foxes","god jesus us church christ christian life paul faith lord",0
"hunting hunt fox deer dogs hounds animal animals control foxes","map figure scale maps line point grid surface used lines",0.8
"hunting hunt fox deer dogs hounds animal animals control foxes","fish fishing species fly water trout plants organic garden conservation",1
"learning training experience use reviewing process book group way help","research university education students uk staff learning ac institute school",3.2
"learning training experience use reviewing process book group way help","children education school schools teachers students special research social parents",3.2
"learning training experience use reviewing process book group way help","god jesus us church christ christian life paul faith lord",0
"film review book films dvd movie story reviews fiction cinema","game games level play player players good experience levels playing",0.4
"film review book films dvd movie story reviews fiction cinema","music th album band song songs uk like love best",1
"film review book films dvd movie story reviews fiction cinema","series john th director man cast television script tx david",1.8
"film review book films dvd movie story reviews fiction cinema","history art book century world english poetry books london life",0.8
"posted get back good like ve post re lot posts","click windows pc use computer software system get video mobile",0.4
"posted get back good like ve post re lot posts","like said know think could get good way go us",0
"working wales workers safety employers health employees employment employer top","government read public policy minister social article report february march",0.2
"iraq war us said iraqi military israel united saddam world","security information internet mail systems intelligence spam technology computer network",2
"gm human research science gene genetic genes genome dna cells","energy environmental gas oil climate air environment change fuel water",0.6
"game games level play player players good experience levels playing","support operations fire commander aircraft air force control must training",0.2
"game games level play player players good experience levels playing","click windows pc use computer software system get video mobile",0.4
"game games level play player players good experience levels playing","map figure scale maps line point grid surface used lines",0
"game games level play player players good experience levels playing","mins team ball cup race football back england game second",2.6
"security information internet mail systems intelligence spam technology computer network","data information use web software access site page available system",3.4
"security information internet mail systems intelligence spam technology computer network","www uk http site information website com org co online",0.8
"security information internet mail systems intelligence spam technology computer network","click windows pc use computer software system get video mobile",2.6
"energy environmental gas oil climate air environment change fuel water","fish fishing species fly water trout plants organic garden conservation",0.67
"energy environmental gas oil climate air environment change fuel water","support operations fire commander aircraft air force control must training",0.2
"file name used value set string list type use function","support operations fire commander aircraft air force control must training",0.4
"file name used value set string list type use function","click windows pc use computer software system get video mobile",0.8
"file name used value set string list type use function","data information use web software access site page available system",2.6
"font px color margin text pt decoration padding border jobsbox","mins team ball cup race football back england game second",0.6
"www uk http site information website com org co online","data information use web software access site page available system",2.8
"click windows pc use computer software system get video mobile","data information use web software access site page available system",3.4
"scotland london scottish th museum centre st south history west","history art book century world english poetry books london life",2.4
"scotland london scottish th museum centre st south history west","chester road park site city building council street house st",1
"music th album band song songs uk like love best","series john th director man cast television script tx david",0.6
"map figure scale maps line point grid surface used lines","support operations fire commander aircraft air force control must training",1
"map figure scale maps line point grid surface used lines","god jesus us church christ christian life paul faith lord",0
"series john th director man cast television script tx david","history art book century world english poetry books london life",0.8
"fish fishing species fly water trout plants organic garden conservation","birds seen bird black us white species th day along",1
"government read public policy minister social article report february march","dr university members queen committee professor society college mr member",0.6
"birds seen bird black us white species th day along","chester road park site city building council street house st",0.4
"health care treatment drug services patients nhs service hospital clinical","children education school schools teachers students special research social parents",0.8
"health care treatment drug services patients nhs service hospital clinical","dr university members queen committee professor society college mr member",1.6
"dr university members queen committee professor society college mr member","research university education students uk staff learning ac institute school",2
"mins team ball cup race football back england game second","support operations fire commander aircraft air force control must training",0.2
"history art book century world english poetry books london life","god jesus us church christ christian life paul faith lord",0.4
"like said know think could get good way go us","god jesus us church christ christian life paul faith lord",0
